--------------------------------------------------------
--  파일이 생성됨 - 수요일-6월-23-2021   
--------------------------------------------------------
DROP TABLE "OOTD"."ATTACHMENT" cascade constraints;
DROP TABLE "OOTD"."BANK" cascade constraints;
DROP TABLE "OOTD"."CART" cascade constraints;
DROP TABLE "OOTD"."MEMBER" cascade constraints;
DROP TABLE "OOTD"."O_ORDER" cascade constraints;
DROP TABLE "OOTD"."O_ORDER_LIST" cascade constraints;
DROP TABLE "OOTD"."PRODUCT" cascade constraints;
DROP TABLE "OOTD"."PURCHASE" cascade constraints;
DROP TABLE "OOTD"."REVIEW" cascade constraints;
DROP TABLE "OOTD"."SALE_LIST" cascade constraints;
--------------------------------------------------------
--  DDL for Table ATTACHMENT
--------------------------------------------------------

  CREATE TABLE "OOTD"."ATTACHMENT" 
   (	"ATT_NO" NUMBER, 
	"ATT_NAME" VARCHAR2(100 BYTE), 
	"ATT_DATE" DATE DEFAULT SYSDATE, 
	"ATT_LEVEL" NUMBER(1,0), 
	"ATT_STATUS" CHAR(1 BYTE) DEFAULT 'Y', 
	"PRODUCT_NO" NUMBER
   ) SEGMENT CREATION IMMEDIATE 
  PCTFREE 10 PCTUSED 40 INITRANS 1 MAXTRANS 255 NOCOMPRESS LOGGING
  STORAGE(INITIAL 65536 NEXT 1048576 MINEXTENTS 1 MAXEXTENTS 2147483645
  PCTINCREASE 0 FREELISTS 1 FREELIST GROUPS 1 BUFFER_POOL DEFAULT FLASH_CACHE DEFAULT CELL_FLASH_CACHE DEFAULT)
  TABLESPACE "SYSTEM" ;
--------------------------------------------------------
--  DDL for Table BANK
--------------------------------------------------------

  CREATE TABLE "OOTD"."BANK" 
   (	"BANK_CODE" VARCHAR2(30 BYTE), 
	"BANK_NAME" VARCHAR2(30 BYTE)
   ) SEGMENT CREATION IMMEDIATE 
  PCTFREE 10 PCTUSED 40 INITRANS 1 MAXTRANS 255 NOCOMPRESS LOGGING
  STORAGE(INITIAL 65536 NEXT 1048576 MINEXTENTS 1 MAXEXTENTS 2147483645
  PCTINCREASE 0 FREELISTS 1 FREELIST GROUPS 1 BUFFER_POOL DEFAULT FLASH_CACHE DEFAULT CELL_FLASH_CACHE DEFAULT)
  TABLESPACE "SYSTEM" ;
--------------------------------------------------------
--  DDL for Table CART
--------------------------------------------------------

  CREATE TABLE "OOTD"."CART" 
   (	"CART_NO" NUMBER, 
	"MEMBER_NO" NUMBER, 
	"CART_QUANTITY" NUMBER, 
	"CART_SIZE" CHAR(1 BYTE), 
	"PRODUCT_NO" NUMBER
   ) SEGMENT CREATION IMMEDIATE 
  PCTFREE 10 PCTUSED 40 INITRANS 1 MAXTRANS 255 NOCOMPRESS LOGGING
  STORAGE(INITIAL 65536 NEXT 1048576 MINEXTENTS 1 MAXEXTENTS 2147483645
  PCTINCREASE 0 FREELISTS 1 FREELIST GROUPS 1 BUFFER_POOL DEFAULT FLASH_CACHE DEFAULT CELL_FLASH_CACHE DEFAULT)
  TABLESPACE "SYSTEM" ;
--------------------------------------------------------
--  DDL for Table MEMBER
--------------------------------------------------------

  CREATE TABLE "OOTD"."MEMBER" 
   (	"MEMBER_NO" NUMBER, 
	"MEMBER_ID" VARCHAR2(30 BYTE), 
	"MEMBER_NICKNAME" VARCHAR2(30 BYTE), 
	"MEMBER_PW" VARCHAR2(100 BYTE), 
	"MEMBER_NAME" VARCHAR2(15 BYTE), 
	"EMAIL" VARCHAR2(30 BYTE), 
	"PHONE" VARCHAR2(13 BYTE), 
	"ADDRESS" VARCHAR2(300 BYTE), 
	"ENROLL_DATE" DATE DEFAULT SYSDATE, 
	"BRAND_NAME" VARCHAR2(30 BYTE) DEFAULT '중고', 
	"ACCOUNT_NUMBER" VARCHAR2(30 BYTE), 
	"LOGIN_TYPE" NUMBER, 
	"BANK_CODE" VARCHAR2(30 BYTE)
   ) SEGMENT CREATION IMMEDIATE 
  PCTFREE 10 PCTUSED 40 INITRANS 1 MAXTRANS 255 NOCOMPRESS LOGGING
  STORAGE(INITIAL 65536 NEXT 1048576 MINEXTENTS 1 MAXEXTENTS 2147483645
  PCTINCREASE 0 FREELISTS 1 FREELIST GROUPS 1 BUFFER_POOL DEFAULT FLASH_CACHE DEFAULT CELL_FLASH_CACHE DEFAULT)
  TABLESPACE "SYSTEM" ;
--------------------------------------------------------
--  DDL for Table O_ORDER
--------------------------------------------------------

  CREATE TABLE "OOTD"."O_ORDER" 
   (	"ORDER_NO" NUMBER, 
	"RECEIVER_NAME" VARCHAR2(15 BYTE), 
	"ORDER_ADDRESS" VARCHAR2(300 BYTE), 
	"ORDER_DATE" DATE DEFAULT SYSDATE, 
	"ORDER_MEMO" VARCHAR2(60 BYTE), 
	"TOTAL_PRICE" NUMBER, 
	"MEMBER_NO" NUMBER
   ) SEGMENT CREATION IMMEDIATE 
  PCTFREE 10 PCTUSED 40 INITRANS 1 MAXTRANS 255 NOCOMPRESS LOGGING
  STORAGE(INITIAL 65536 NEXT 1048576 MINEXTENTS 1 MAXEXTENTS 2147483645
  PCTINCREASE 0 FREELISTS 1 FREELIST GROUPS 1 BUFFER_POOL DEFAULT FLASH_CACHE DEFAULT CELL_FLASH_CACHE DEFAULT)
  TABLESPACE "SYSTEM" ;
--------------------------------------------------------
--  DDL for Table O_ORDER_LIST
--------------------------------------------------------

  CREATE TABLE "OOTD"."O_ORDER_LIST" 
   (	"ORDER_SIZE" CHAR(1 BYTE), 
	"ORDER_QUANTITY" NUMBER, 
	"ORDER_NO" NUMBER, 
	"PRODUCT_NO" NUMBER, 
	"ORDER_STATUS" NUMBER DEFAULT 1
   ) SEGMENT CREATION IMMEDIATE 
  PCTFREE 10 PCTUSED 40 INITRANS 1 MAXTRANS 255 NOCOMPRESS LOGGING
  STORAGE(INITIAL 65536 NEXT 1048576 MINEXTENTS 1 MAXEXTENTS 2147483645
  PCTINCREASE 0 FREELISTS 1 FREELIST GROUPS 1 BUFFER_POOL DEFAULT FLASH_CACHE DEFAULT CELL_FLASH_CACHE DEFAULT)
  TABLESPACE "SYSTEM" ;
--------------------------------------------------------
--  DDL for Table PRODUCT
--------------------------------------------------------

  CREATE TABLE "OOTD"."PRODUCT" 
   (	"PRODUCT_NO" NUMBER, 
	"PRODUCT_NAME" VARCHAR2(100 BYTE), 
	"PRODUCT_DETAIL" VARCHAR2(2000 BYTE), 
	"PRODUCT_SIZEINFO" VARCHAR2(2000 BYTE), 
	"PRODUCT_SIZE" VARCHAR2(10 BYTE), 
	"PRODUCT_PRICE" NUMBER, 
	"PRODUCT_STOCK_S" NUMBER, 
	"PRODUCT_STOCK_M" NUMBER, 
	"PRODUCT_STOCK_L" NUMBER, 
	"PRODUCT_TYPE" NUMBER DEFAULT 2, 
	"MEMBER_NO" NUMBER, 
	"PRODUCT_STATUS" CHAR(1 BYTE) DEFAULT 'Y', 
	"PRODUCT_CATEGORY" NUMBER
   ) SEGMENT CREATION IMMEDIATE 
  PCTFREE 10 PCTUSED 40 INITRANS 1 MAXTRANS 255 NOCOMPRESS LOGGING
  STORAGE(INITIAL 65536 NEXT 1048576 MINEXTENTS 1 MAXEXTENTS 2147483645
  PCTINCREASE 0 FREELISTS 1 FREELIST GROUPS 1 BUFFER_POOL DEFAULT FLASH_CACHE DEFAULT CELL_FLASH_CACHE DEFAULT)
  TABLESPACE "SYSTEM" ;
--------------------------------------------------------
--  DDL for Table PURCHASE
--------------------------------------------------------

  CREATE TABLE "OOTD"."PURCHASE" 
   (	"ORDER_NO" NUMBER, 
	"PURCHASE_STATUS" NUMBER DEFAULT 1, 
	"MEMBER_NO" NUMBER
   ) SEGMENT CREATION IMMEDIATE 
  PCTFREE 10 PCTUSED 40 INITRANS 1 MAXTRANS 255 NOCOMPRESS LOGGING
  STORAGE(INITIAL 65536 NEXT 1048576 MINEXTENTS 1 MAXEXTENTS 2147483645
  PCTINCREASE 0 FREELISTS 1 FREELIST GROUPS 1 BUFFER_POOL DEFAULT FLASH_CACHE DEFAULT CELL_FLASH_CACHE DEFAULT)
  TABLESPACE "SYSTEM" ;
--------------------------------------------------------
--  DDL for Table REVIEW
--------------------------------------------------------

  CREATE TABLE "OOTD"."REVIEW" 
   (	"REVIEW_NO" NUMBER, 
	"REVIEW_CONTENTS" VARCHAR2(1000 BYTE), 
	"REVIEW_DATE" DATE DEFAULT SYSDATE, 
	"REVIEW_TITLE" VARCHAR2(100 BYTE), 
	"MEMBER_NO" NUMBER, 
	"PRODUCT_NO" NUMBER, 
	"ORDER_NO" NUMBER
   ) SEGMENT CREATION IMMEDIATE 
  PCTFREE 10 PCTUSED 40 INITRANS 1 MAXTRANS 255 NOCOMPRESS LOGGING
  STORAGE(INITIAL 65536 NEXT 1048576 MINEXTENTS 1 MAXEXTENTS 2147483645
  PCTINCREASE 0 FREELISTS 1 FREELIST GROUPS 1 BUFFER_POOL DEFAULT FLASH_CACHE DEFAULT CELL_FLASH_CACHE DEFAULT)
  TABLESPACE "SYSTEM" ;
--------------------------------------------------------
--  DDL for Table SALE_LIST
--------------------------------------------------------

  CREATE TABLE "OOTD"."SALE_LIST" 
   (	"ORDER_NO" NUMBER, 
	"SALE_STATUS" NUMBER DEFAULT 1, 
	"MEMBER_NO" NUMBER
   ) SEGMENT CREATION IMMEDIATE 
  PCTFREE 10 PCTUSED 40 INITRANS 1 MAXTRANS 255 NOCOMPRESS LOGGING
  STORAGE(INITIAL 65536 NEXT 1048576 MINEXTENTS 1 MAXEXTENTS 2147483645
  PCTINCREASE 0 FREELISTS 1 FREELIST GROUPS 1 BUFFER_POOL DEFAULT FLASH_CACHE DEFAULT CELL_FLASH_CACHE DEFAULT)
  TABLESPACE "SYSTEM" ;
REM INSERTING into OOTD.ATTACHMENT
SET DEFINE OFF;
Insert into OOTD.ATTACHMENT (ATT_NO,ATT_NAME,ATT_DATE,ATT_LEVEL,ATT_STATUS,PRODUCT_NO) values (61,'30-1.jpg',to_date('21/06/22','RR/MM/DD'),1,'Y',1);
Insert into OOTD.ATTACHMENT (ATT_NO,ATT_NAME,ATT_DATE,ATT_LEVEL,ATT_STATUS,PRODUCT_NO) values (62,'30-2.jpg',to_date('21/06/22','RR/MM/DD'),2,'Y',1);
Insert into OOTD.ATTACHMENT (ATT_NO,ATT_NAME,ATT_DATE,ATT_LEVEL,ATT_STATUS,PRODUCT_NO) values (63,'30-3.jpg',to_date('21/06/22','RR/MM/DD'),3,'Y',1);
Insert into OOTD.ATTACHMENT (ATT_NO,ATT_NAME,ATT_DATE,ATT_LEVEL,ATT_STATUS,PRODUCT_NO) values (64,'30-4.jpg',to_date('21/06/22','RR/MM/DD'),4,'Y',1);
Insert into OOTD.ATTACHMENT (ATT_NO,ATT_NAME,ATT_DATE,ATT_LEVEL,ATT_STATUS,PRODUCT_NO) values (65,'31-1.jpg',to_date('21/06/22','RR/MM/DD'),1,'Y',2);
Insert into OOTD.ATTACHMENT (ATT_NO,ATT_NAME,ATT_DATE,ATT_LEVEL,ATT_STATUS,PRODUCT_NO) values (66,'31-2.jpg',to_date('21/06/22','RR/MM/DD'),2,'Y',2);
Insert into OOTD.ATTACHMENT (ATT_NO,ATT_NAME,ATT_DATE,ATT_LEVEL,ATT_STATUS,PRODUCT_NO) values (67,'31-3.jpg',to_date('21/06/22','RR/MM/DD'),3,'Y',2);
Insert into OOTD.ATTACHMENT (ATT_NO,ATT_NAME,ATT_DATE,ATT_LEVEL,ATT_STATUS,PRODUCT_NO) values (68,'31-4.jpg',to_date('21/06/22','RR/MM/DD'),4,'Y',2);
Insert into OOTD.ATTACHMENT (ATT_NO,ATT_NAME,ATT_DATE,ATT_LEVEL,ATT_STATUS,PRODUCT_NO) values (69,'32-1.jpg',to_date('21/06/22','RR/MM/DD'),1,'Y',3);
Insert into OOTD.ATTACHMENT (ATT_NO,ATT_NAME,ATT_DATE,ATT_LEVEL,ATT_STATUS,PRODUCT_NO) values (70,'32-2.jpg',to_date('21/06/22','RR/MM/DD'),2,'Y',3);
Insert into OOTD.ATTACHMENT (ATT_NO,ATT_NAME,ATT_DATE,ATT_LEVEL,ATT_STATUS,PRODUCT_NO) values (71,'32-3.jpg',to_date('21/06/22','RR/MM/DD'),3,'Y',3);
Insert into OOTD.ATTACHMENT (ATT_NO,ATT_NAME,ATT_DATE,ATT_LEVEL,ATT_STATUS,PRODUCT_NO) values (72,'32-4.jpg',to_date('21/06/22','RR/MM/DD'),4,'Y',3);
Insert into OOTD.ATTACHMENT (ATT_NO,ATT_NAME,ATT_DATE,ATT_LEVEL,ATT_STATUS,PRODUCT_NO) values (73,'33-1.jpg',to_date('21/06/22','RR/MM/DD'),1,'Y',4);
Insert into OOTD.ATTACHMENT (ATT_NO,ATT_NAME,ATT_DATE,ATT_LEVEL,ATT_STATUS,PRODUCT_NO) values (74,'33-2.jpg',to_date('21/06/22','RR/MM/DD'),2,'Y',4);
Insert into OOTD.ATTACHMENT (ATT_NO,ATT_NAME,ATT_DATE,ATT_LEVEL,ATT_STATUS,PRODUCT_NO) values (75,'33-3.jpg',to_date('21/06/22','RR/MM/DD'),3,'Y',4);
Insert into OOTD.ATTACHMENT (ATT_NO,ATT_NAME,ATT_DATE,ATT_LEVEL,ATT_STATUS,PRODUCT_NO) values (76,'33-4.jpg',to_date('21/06/22','RR/MM/DD'),4,'Y',4);
Insert into OOTD.ATTACHMENT (ATT_NO,ATT_NAME,ATT_DATE,ATT_LEVEL,ATT_STATUS,PRODUCT_NO) values (77,'34-1.jpg',to_date('21/06/22','RR/MM/DD'),1,'Y',5);
Insert into OOTD.ATTACHMENT (ATT_NO,ATT_NAME,ATT_DATE,ATT_LEVEL,ATT_STATUS,PRODUCT_NO) values (78,'34-2.jpg',to_date('21/06/22','RR/MM/DD'),2,'Y',5);
Insert into OOTD.ATTACHMENT (ATT_NO,ATT_NAME,ATT_DATE,ATT_LEVEL,ATT_STATUS,PRODUCT_NO) values (79,'34-3.jpg',to_date('21/06/22','RR/MM/DD'),3,'Y',5);
Insert into OOTD.ATTACHMENT (ATT_NO,ATT_NAME,ATT_DATE,ATT_LEVEL,ATT_STATUS,PRODUCT_NO) values (80,'34-4.jpg',to_date('21/06/22','RR/MM/DD'),4,'Y',5);
Insert into OOTD.ATTACHMENT (ATT_NO,ATT_NAME,ATT_DATE,ATT_LEVEL,ATT_STATUS,PRODUCT_NO) values (81,'35-1.jpg',to_date('21/06/22','RR/MM/DD'),1,'Y',6);
Insert into OOTD.ATTACHMENT (ATT_NO,ATT_NAME,ATT_DATE,ATT_LEVEL,ATT_STATUS,PRODUCT_NO) values (82,'35-2.jpg',to_date('21/06/22','RR/MM/DD'),2,'Y',6);
Insert into OOTD.ATTACHMENT (ATT_NO,ATT_NAME,ATT_DATE,ATT_LEVEL,ATT_STATUS,PRODUCT_NO) values (83,'35-3.jpg',to_date('21/06/22','RR/MM/DD'),3,'Y',6);
Insert into OOTD.ATTACHMENT (ATT_NO,ATT_NAME,ATT_DATE,ATT_LEVEL,ATT_STATUS,PRODUCT_NO) values (84,'35-4.jpg',to_date('21/06/22','RR/MM/DD'),4,'Y',6);
Insert into OOTD.ATTACHMENT (ATT_NO,ATT_NAME,ATT_DATE,ATT_LEVEL,ATT_STATUS,PRODUCT_NO) values (85,'36-1.jpg',to_date('21/06/22','RR/MM/DD'),1,'Y',7);
Insert into OOTD.ATTACHMENT (ATT_NO,ATT_NAME,ATT_DATE,ATT_LEVEL,ATT_STATUS,PRODUCT_NO) values (86,'36-2.jpg',to_date('21/06/22','RR/MM/DD'),2,'Y',7);
Insert into OOTD.ATTACHMENT (ATT_NO,ATT_NAME,ATT_DATE,ATT_LEVEL,ATT_STATUS,PRODUCT_NO) values (87,'36-3.jpg',to_date('21/06/22','RR/MM/DD'),3,'Y',7);
Insert into OOTD.ATTACHMENT (ATT_NO,ATT_NAME,ATT_DATE,ATT_LEVEL,ATT_STATUS,PRODUCT_NO) values (88,'36-4.jpg',to_date('21/06/22','RR/MM/DD'),4,'Y',7);
Insert into OOTD.ATTACHMENT (ATT_NO,ATT_NAME,ATT_DATE,ATT_LEVEL,ATT_STATUS,PRODUCT_NO) values (89,'1-1.png',to_date('21/06/22','RR/MM/DD'),1,'Y',8);
Insert into OOTD.ATTACHMENT (ATT_NO,ATT_NAME,ATT_DATE,ATT_LEVEL,ATT_STATUS,PRODUCT_NO) values (90,'1-2.png',to_date('21/06/22','RR/MM/DD'),2,'Y',8);
Insert into OOTD.ATTACHMENT (ATT_NO,ATT_NAME,ATT_DATE,ATT_LEVEL,ATT_STATUS,PRODUCT_NO) values (91,'1-3.png',to_date('21/06/22','RR/MM/DD'),3,'Y',8);
Insert into OOTD.ATTACHMENT (ATT_NO,ATT_NAME,ATT_DATE,ATT_LEVEL,ATT_STATUS,PRODUCT_NO) values (92,'1-4.png',to_date('21/06/22','RR/MM/DD'),4,'Y',8);
Insert into OOTD.ATTACHMENT (ATT_NO,ATT_NAME,ATT_DATE,ATT_LEVEL,ATT_STATUS,PRODUCT_NO) values (93,'2-1.png',to_date('21/06/22','RR/MM/DD'),1,'Y',9);
Insert into OOTD.ATTACHMENT (ATT_NO,ATT_NAME,ATT_DATE,ATT_LEVEL,ATT_STATUS,PRODUCT_NO) values (94,'2-2.png',to_date('21/06/22','RR/MM/DD'),2,'Y',9);
Insert into OOTD.ATTACHMENT (ATT_NO,ATT_NAME,ATT_DATE,ATT_LEVEL,ATT_STATUS,PRODUCT_NO) values (95,'2-3.png',to_date('21/06/22','RR/MM/DD'),3,'Y',9);
Insert into OOTD.ATTACHMENT (ATT_NO,ATT_NAME,ATT_DATE,ATT_LEVEL,ATT_STATUS,PRODUCT_NO) values (96,'2-4.png',to_date('21/06/22','RR/MM/DD'),4,'Y',9);
Insert into OOTD.ATTACHMENT (ATT_NO,ATT_NAME,ATT_DATE,ATT_LEVEL,ATT_STATUS,PRODUCT_NO) values (97,'3-1.png',to_date('21/06/22','RR/MM/DD'),1,'Y',10);
Insert into OOTD.ATTACHMENT (ATT_NO,ATT_NAME,ATT_DATE,ATT_LEVEL,ATT_STATUS,PRODUCT_NO) values (98,'3-2.png',to_date('21/06/22','RR/MM/DD'),2,'Y',10);
Insert into OOTD.ATTACHMENT (ATT_NO,ATT_NAME,ATT_DATE,ATT_LEVEL,ATT_STATUS,PRODUCT_NO) values (99,'3-3.png',to_date('21/06/22','RR/MM/DD'),3,'Y',10);
Insert into OOTD.ATTACHMENT (ATT_NO,ATT_NAME,ATT_DATE,ATT_LEVEL,ATT_STATUS,PRODUCT_NO) values (100,'3-4.png',to_date('21/06/22','RR/MM/DD'),4,'Y',10);
Insert into OOTD.ATTACHMENT (ATT_NO,ATT_NAME,ATT_DATE,ATT_LEVEL,ATT_STATUS,PRODUCT_NO) values (101,'4-1.png',to_date('21/06/22','RR/MM/DD'),1,'Y',11);
Insert into OOTD.ATTACHMENT (ATT_NO,ATT_NAME,ATT_DATE,ATT_LEVEL,ATT_STATUS,PRODUCT_NO) values (102,'4-2.png',to_date('21/06/22','RR/MM/DD'),2,'Y',11);
Insert into OOTD.ATTACHMENT (ATT_NO,ATT_NAME,ATT_DATE,ATT_LEVEL,ATT_STATUS,PRODUCT_NO) values (103,'4-3.png',to_date('21/06/22','RR/MM/DD'),3,'Y',11);
Insert into OOTD.ATTACHMENT (ATT_NO,ATT_NAME,ATT_DATE,ATT_LEVEL,ATT_STATUS,PRODUCT_NO) values (104,'4-4.png',to_date('21/06/22','RR/MM/DD'),4,'Y',11);
Insert into OOTD.ATTACHMENT (ATT_NO,ATT_NAME,ATT_DATE,ATT_LEVEL,ATT_STATUS,PRODUCT_NO) values (105,'5-1.png',to_date('21/06/22','RR/MM/DD'),1,'Y',12);
Insert into OOTD.ATTACHMENT (ATT_NO,ATT_NAME,ATT_DATE,ATT_LEVEL,ATT_STATUS,PRODUCT_NO) values (106,'5-2.png',to_date('21/06/22','RR/MM/DD'),2,'Y',12);
Insert into OOTD.ATTACHMENT (ATT_NO,ATT_NAME,ATT_DATE,ATT_LEVEL,ATT_STATUS,PRODUCT_NO) values (107,'5-3.png',to_date('21/06/22','RR/MM/DD'),3,'Y',12);
Insert into OOTD.ATTACHMENT (ATT_NO,ATT_NAME,ATT_DATE,ATT_LEVEL,ATT_STATUS,PRODUCT_NO) values (108,'5-4.png',to_date('21/06/22','RR/MM/DD'),4,'Y',12);
Insert into OOTD.ATTACHMENT (ATT_NO,ATT_NAME,ATT_DATE,ATT_LEVEL,ATT_STATUS,PRODUCT_NO) values (109,'6-1.png',to_date('21/06/22','RR/MM/DD'),1,'Y',13);
Insert into OOTD.ATTACHMENT (ATT_NO,ATT_NAME,ATT_DATE,ATT_LEVEL,ATT_STATUS,PRODUCT_NO) values (110,'6-2.png',to_date('21/06/22','RR/MM/DD'),2,'Y',13);
Insert into OOTD.ATTACHMENT (ATT_NO,ATT_NAME,ATT_DATE,ATT_LEVEL,ATT_STATUS,PRODUCT_NO) values (111,'6-3.png',to_date('21/06/22','RR/MM/DD'),3,'Y',13);
Insert into OOTD.ATTACHMENT (ATT_NO,ATT_NAME,ATT_DATE,ATT_LEVEL,ATT_STATUS,PRODUCT_NO) values (112,'6-4.png',to_date('21/06/22','RR/MM/DD'),4,'Y',13);
Insert into OOTD.ATTACHMENT (ATT_NO,ATT_NAME,ATT_DATE,ATT_LEVEL,ATT_STATUS,PRODUCT_NO) values (113,'7-1.png',to_date('21/06/22','RR/MM/DD'),1,'Y',14);
Insert into OOTD.ATTACHMENT (ATT_NO,ATT_NAME,ATT_DATE,ATT_LEVEL,ATT_STATUS,PRODUCT_NO) values (114,'7-2.png',to_date('21/06/22','RR/MM/DD'),2,'Y',14);
Insert into OOTD.ATTACHMENT (ATT_NO,ATT_NAME,ATT_DATE,ATT_LEVEL,ATT_STATUS,PRODUCT_NO) values (115,'7-3.png',to_date('21/06/22','RR/MM/DD'),3,'Y',14);
Insert into OOTD.ATTACHMENT (ATT_NO,ATT_NAME,ATT_DATE,ATT_LEVEL,ATT_STATUS,PRODUCT_NO) values (116,'7-4.png',to_date('21/06/22','RR/MM/DD'),4,'Y',14);
Insert into OOTD.ATTACHMENT (ATT_NO,ATT_NAME,ATT_DATE,ATT_LEVEL,ATT_STATUS,PRODUCT_NO) values (117,'8-1.png',to_date('21/06/22','RR/MM/DD'),1,'Y',15);
Insert into OOTD.ATTACHMENT (ATT_NO,ATT_NAME,ATT_DATE,ATT_LEVEL,ATT_STATUS,PRODUCT_NO) values (118,'8-2.png',to_date('21/06/22','RR/MM/DD'),2,'Y',15);
Insert into OOTD.ATTACHMENT (ATT_NO,ATT_NAME,ATT_DATE,ATT_LEVEL,ATT_STATUS,PRODUCT_NO) values (119,'8-3.png',to_date('21/06/22','RR/MM/DD'),3,'Y',15);
Insert into OOTD.ATTACHMENT (ATT_NO,ATT_NAME,ATT_DATE,ATT_LEVEL,ATT_STATUS,PRODUCT_NO) values (120,'8-4.png',to_date('21/06/22','RR/MM/DD'),4,'Y',15);
Insert into OOTD.ATTACHMENT (ATT_NO,ATT_NAME,ATT_DATE,ATT_LEVEL,ATT_STATUS,PRODUCT_NO) values (237,'20210623_012348564_71.jpg',to_date('21/06/23','RR/MM/DD'),3,'Y',49);
Insert into OOTD.ATTACHMENT (ATT_NO,ATT_NAME,ATT_DATE,ATT_LEVEL,ATT_STATUS,PRODUCT_NO) values (238,'20210623_012348566_222.jpg',to_date('21/06/23','RR/MM/DD'),4,'Y',49);
Insert into OOTD.ATTACHMENT (ATT_NO,ATT_NAME,ATT_DATE,ATT_LEVEL,ATT_STATUS,PRODUCT_NO) values (239,'20210623_012348551_734.jpg',to_date('21/06/23','RR/MM/DD'),1,'Y',49);
Insert into OOTD.ATTACHMENT (ATT_NO,ATT_NAME,ATT_DATE,ATT_LEVEL,ATT_STATUS,PRODUCT_NO) values (160,'20210623_012819830_514.jpg',to_date('21/06/23','RR/MM/DD'),1,'Y',50);
Insert into OOTD.ATTACHMENT (ATT_NO,ATT_NAME,ATT_DATE,ATT_LEVEL,ATT_STATUS,PRODUCT_NO) values (161,'20210623_012819832_925.jpg',to_date('21/06/23','RR/MM/DD'),2,'Y',50);
Insert into OOTD.ATTACHMENT (ATT_NO,ATT_NAME,ATT_DATE,ATT_LEVEL,ATT_STATUS,PRODUCT_NO) values (162,'20210623_012819836_614.jpg',to_date('21/06/23','RR/MM/DD'),3,'Y',50);
Insert into OOTD.ATTACHMENT (ATT_NO,ATT_NAME,ATT_DATE,ATT_LEVEL,ATT_STATUS,PRODUCT_NO) values (163,'20210623_012819838_674.jpg',to_date('21/06/23','RR/MM/DD'),4,'Y',50);
Insert into OOTD.ATTACHMENT (ATT_NO,ATT_NAME,ATT_DATE,ATT_LEVEL,ATT_STATUS,PRODUCT_NO) values (244,'20210623_152932528_705.png',to_date('21/06/23','RR/MM/DD'),3,'N',69);
Insert into OOTD.ATTACHMENT (ATT_NO,ATT_NAME,ATT_DATE,ATT_LEVEL,ATT_STATUS,PRODUCT_NO) values (164,'20210623_012913416_760.jpg',to_date('21/06/23','RR/MM/DD'),1,'Y',51);
Insert into OOTD.ATTACHMENT (ATT_NO,ATT_NAME,ATT_DATE,ATT_LEVEL,ATT_STATUS,PRODUCT_NO) values (165,'20210623_012913417_930.jpg',to_date('21/06/23','RR/MM/DD'),2,'Y',51);
Insert into OOTD.ATTACHMENT (ATT_NO,ATT_NAME,ATT_DATE,ATT_LEVEL,ATT_STATUS,PRODUCT_NO) values (166,'20210623_012913424_88.jpg',to_date('21/06/23','RR/MM/DD'),3,'Y',51);
Insert into OOTD.ATTACHMENT (ATT_NO,ATT_NAME,ATT_DATE,ATT_LEVEL,ATT_STATUS,PRODUCT_NO) values (167,'20210623_012913426_813.jpg',to_date('21/06/23','RR/MM/DD'),4,'Y',51);
Insert into OOTD.ATTACHMENT (ATT_NO,ATT_NAME,ATT_DATE,ATT_LEVEL,ATT_STATUS,PRODUCT_NO) values (168,'20210623_013034580_330.jpg',to_date('21/06/23','RR/MM/DD'),1,'Y',52);
Insert into OOTD.ATTACHMENT (ATT_NO,ATT_NAME,ATT_DATE,ATT_LEVEL,ATT_STATUS,PRODUCT_NO) values (169,'20210623_013034582_65.jpg',to_date('21/06/23','RR/MM/DD'),2,'Y',52);
Insert into OOTD.ATTACHMENT (ATT_NO,ATT_NAME,ATT_DATE,ATT_LEVEL,ATT_STATUS,PRODUCT_NO) values (170,'20210623_013034583_821.jpg',to_date('21/06/23','RR/MM/DD'),3,'Y',52);
Insert into OOTD.ATTACHMENT (ATT_NO,ATT_NAME,ATT_DATE,ATT_LEVEL,ATT_STATUS,PRODUCT_NO) values (171,'20210623_013034584_563.jpg',to_date('21/06/23','RR/MM/DD'),4,'Y',52);
Insert into OOTD.ATTACHMENT (ATT_NO,ATT_NAME,ATT_DATE,ATT_LEVEL,ATT_STATUS,PRODUCT_NO) values (172,'20210623_013144722_475.jpg',to_date('21/06/23','RR/MM/DD'),1,'Y',53);
Insert into OOTD.ATTACHMENT (ATT_NO,ATT_NAME,ATT_DATE,ATT_LEVEL,ATT_STATUS,PRODUCT_NO) values (173,'20210623_013144723_985.jpg',to_date('21/06/23','RR/MM/DD'),2,'Y',53);
Insert into OOTD.ATTACHMENT (ATT_NO,ATT_NAME,ATT_DATE,ATT_LEVEL,ATT_STATUS,PRODUCT_NO) values (174,'20210623_013144727_986.jpg',to_date('21/06/23','RR/MM/DD'),3,'Y',53);
Insert into OOTD.ATTACHMENT (ATT_NO,ATT_NAME,ATT_DATE,ATT_LEVEL,ATT_STATUS,PRODUCT_NO) values (175,'20210623_013144727_728.jpg',to_date('21/06/23','RR/MM/DD'),4,'Y',53);
Insert into OOTD.ATTACHMENT (ATT_NO,ATT_NAME,ATT_DATE,ATT_LEVEL,ATT_STATUS,PRODUCT_NO) values (176,'20210623_013309953_258.jpg',to_date('21/06/23','RR/MM/DD'),1,'Y',54);
Insert into OOTD.ATTACHMENT (ATT_NO,ATT_NAME,ATT_DATE,ATT_LEVEL,ATT_STATUS,PRODUCT_NO) values (177,'20210623_013309957_924.jpg',to_date('21/06/23','RR/MM/DD'),2,'Y',54);
Insert into OOTD.ATTACHMENT (ATT_NO,ATT_NAME,ATT_DATE,ATT_LEVEL,ATT_STATUS,PRODUCT_NO) values (178,'20210623_013309958_652.jpg',to_date('21/06/23','RR/MM/DD'),3,'Y',54);
Insert into OOTD.ATTACHMENT (ATT_NO,ATT_NAME,ATT_DATE,ATT_LEVEL,ATT_STATUS,PRODUCT_NO) values (179,'20210623_013309959_946.jpg',to_date('21/06/23','RR/MM/DD'),4,'Y',54);
Insert into OOTD.ATTACHMENT (ATT_NO,ATT_NAME,ATT_DATE,ATT_LEVEL,ATT_STATUS,PRODUCT_NO) values (180,'20210623_013429250_245.jpg',to_date('21/06/23','RR/MM/DD'),1,'Y',55);
Insert into OOTD.ATTACHMENT (ATT_NO,ATT_NAME,ATT_DATE,ATT_LEVEL,ATT_STATUS,PRODUCT_NO) values (181,'20210623_013429253_894.jpg',to_date('21/06/23','RR/MM/DD'),2,'Y',55);
Insert into OOTD.ATTACHMENT (ATT_NO,ATT_NAME,ATT_DATE,ATT_LEVEL,ATT_STATUS,PRODUCT_NO) values (182,'20210623_013429257_757.jpg',to_date('21/06/23','RR/MM/DD'),3,'Y',55);
Insert into OOTD.ATTACHMENT (ATT_NO,ATT_NAME,ATT_DATE,ATT_LEVEL,ATT_STATUS,PRODUCT_NO) values (183,'20210623_013429258_325.jpg',to_date('21/06/23','RR/MM/DD'),4,'Y',55);
Insert into OOTD.ATTACHMENT (ATT_NO,ATT_NAME,ATT_DATE,ATT_LEVEL,ATT_STATUS,PRODUCT_NO) values (184,'20210623_013530916_97.jpg',to_date('21/06/23','RR/MM/DD'),1,'Y',56);
Insert into OOTD.ATTACHMENT (ATT_NO,ATT_NAME,ATT_DATE,ATT_LEVEL,ATT_STATUS,PRODUCT_NO) values (185,'20210623_013530917_665.jpg',to_date('21/06/23','RR/MM/DD'),2,'Y',56);
Insert into OOTD.ATTACHMENT (ATT_NO,ATT_NAME,ATT_DATE,ATT_LEVEL,ATT_STATUS,PRODUCT_NO) values (186,'20210623_013530922_691.jpg',to_date('21/06/23','RR/MM/DD'),3,'Y',56);
Insert into OOTD.ATTACHMENT (ATT_NO,ATT_NAME,ATT_DATE,ATT_LEVEL,ATT_STATUS,PRODUCT_NO) values (187,'20210623_013530923_41.jpg',to_date('21/06/23','RR/MM/DD'),4,'Y',56);
Insert into OOTD.ATTACHMENT (ATT_NO,ATT_NAME,ATT_DATE,ATT_LEVEL,ATT_STATUS,PRODUCT_NO) values (188,'20210623_013620443_662.jpg',to_date('21/06/23','RR/MM/DD'),1,'Y',57);
Insert into OOTD.ATTACHMENT (ATT_NO,ATT_NAME,ATT_DATE,ATT_LEVEL,ATT_STATUS,PRODUCT_NO) values (189,'20210623_013620445_350.jpg',to_date('21/06/23','RR/MM/DD'),2,'Y',57);
Insert into OOTD.ATTACHMENT (ATT_NO,ATT_NAME,ATT_DATE,ATT_LEVEL,ATT_STATUS,PRODUCT_NO) values (190,'20210623_013620449_929.jpg',to_date('21/06/23','RR/MM/DD'),3,'Y',57);
Insert into OOTD.ATTACHMENT (ATT_NO,ATT_NAME,ATT_DATE,ATT_LEVEL,ATT_STATUS,PRODUCT_NO) values (191,'20210623_013620450_596.jpg',to_date('21/06/23','RR/MM/DD'),4,'Y',57);
Insert into OOTD.ATTACHMENT (ATT_NO,ATT_NAME,ATT_DATE,ATT_LEVEL,ATT_STATUS,PRODUCT_NO) values (192,'20210623_013819099_870.png',to_date('21/06/23','RR/MM/DD'),1,'Y',58);
Insert into OOTD.ATTACHMENT (ATT_NO,ATT_NAME,ATT_DATE,ATT_LEVEL,ATT_STATUS,PRODUCT_NO) values (193,'20210623_013819100_551.png',to_date('21/06/23','RR/MM/DD'),2,'Y',58);
Insert into OOTD.ATTACHMENT (ATT_NO,ATT_NAME,ATT_DATE,ATT_LEVEL,ATT_STATUS,PRODUCT_NO) values (194,'20210623_013819101_82.png',to_date('21/06/23','RR/MM/DD'),3,'Y',58);
Insert into OOTD.ATTACHMENT (ATT_NO,ATT_NAME,ATT_DATE,ATT_LEVEL,ATT_STATUS,PRODUCT_NO) values (195,'20210623_013819102_398.png',to_date('21/06/23','RR/MM/DD'),4,'Y',58);
Insert into OOTD.ATTACHMENT (ATT_NO,ATT_NAME,ATT_DATE,ATT_LEVEL,ATT_STATUS,PRODUCT_NO) values (196,'20210623_014005514_237.png',to_date('21/06/23','RR/MM/DD'),1,'Y',59);
Insert into OOTD.ATTACHMENT (ATT_NO,ATT_NAME,ATT_DATE,ATT_LEVEL,ATT_STATUS,PRODUCT_NO) values (197,'20210623_014005516_86.png',to_date('21/06/23','RR/MM/DD'),2,'Y',59);
Insert into OOTD.ATTACHMENT (ATT_NO,ATT_NAME,ATT_DATE,ATT_LEVEL,ATT_STATUS,PRODUCT_NO) values (198,'20210623_014005517_52.png',to_date('21/06/23','RR/MM/DD'),3,'Y',59);
Insert into OOTD.ATTACHMENT (ATT_NO,ATT_NAME,ATT_DATE,ATT_LEVEL,ATT_STATUS,PRODUCT_NO) values (199,'20210623_014005517_827.png',to_date('21/06/23','RR/MM/DD'),4,'Y',59);
Insert into OOTD.ATTACHMENT (ATT_NO,ATT_NAME,ATT_DATE,ATT_LEVEL,ATT_STATUS,PRODUCT_NO) values (200,'20210623_014131572_72.png',to_date('21/06/23','RR/MM/DD'),1,'Y',60);
Insert into OOTD.ATTACHMENT (ATT_NO,ATT_NAME,ATT_DATE,ATT_LEVEL,ATT_STATUS,PRODUCT_NO) values (201,'20210623_014131573_455.png',to_date('21/06/23','RR/MM/DD'),2,'Y',60);
Insert into OOTD.ATTACHMENT (ATT_NO,ATT_NAME,ATT_DATE,ATT_LEVEL,ATT_STATUS,PRODUCT_NO) values (202,'20210623_014131574_489.png',to_date('21/06/23','RR/MM/DD'),3,'Y',60);
Insert into OOTD.ATTACHMENT (ATT_NO,ATT_NAME,ATT_DATE,ATT_LEVEL,ATT_STATUS,PRODUCT_NO) values (203,'20210623_014131575_961.png',to_date('21/06/23','RR/MM/DD'),4,'Y',60);
Insert into OOTD.ATTACHMENT (ATT_NO,ATT_NAME,ATT_DATE,ATT_LEVEL,ATT_STATUS,PRODUCT_NO) values (204,'20210623_015311502_540.png',to_date('21/06/23','RR/MM/DD'),1,'Y',61);
Insert into OOTD.ATTACHMENT (ATT_NO,ATT_NAME,ATT_DATE,ATT_LEVEL,ATT_STATUS,PRODUCT_NO) values (205,'20210623_015311503_394.png',to_date('21/06/23','RR/MM/DD'),2,'Y',61);
Insert into OOTD.ATTACHMENT (ATT_NO,ATT_NAME,ATT_DATE,ATT_LEVEL,ATT_STATUS,PRODUCT_NO) values (206,'20210623_015311504_601.png',to_date('21/06/23','RR/MM/DD'),3,'Y',61);
Insert into OOTD.ATTACHMENT (ATT_NO,ATT_NAME,ATT_DATE,ATT_LEVEL,ATT_STATUS,PRODUCT_NO) values (207,'20210623_015311505_707.png',to_date('21/06/23','RR/MM/DD'),4,'Y',61);
Insert into OOTD.ATTACHMENT (ATT_NO,ATT_NAME,ATT_DATE,ATT_LEVEL,ATT_STATUS,PRODUCT_NO) values (208,'20210623_015448918_576.png',to_date('21/06/23','RR/MM/DD'),1,'Y',62);
Insert into OOTD.ATTACHMENT (ATT_NO,ATT_NAME,ATT_DATE,ATT_LEVEL,ATT_STATUS,PRODUCT_NO) values (209,'20210623_015448919_34.png',to_date('21/06/23','RR/MM/DD'),2,'Y',62);
Insert into OOTD.ATTACHMENT (ATT_NO,ATT_NAME,ATT_DATE,ATT_LEVEL,ATT_STATUS,PRODUCT_NO) values (210,'20210623_015448920_457.png',to_date('21/06/23','RR/MM/DD'),3,'Y',62);
Insert into OOTD.ATTACHMENT (ATT_NO,ATT_NAME,ATT_DATE,ATT_LEVEL,ATT_STATUS,PRODUCT_NO) values (211,'20210623_015448921_154.png',to_date('21/06/23','RR/MM/DD'),4,'Y',62);
Insert into OOTD.ATTACHMENT (ATT_NO,ATT_NAME,ATT_DATE,ATT_LEVEL,ATT_STATUS,PRODUCT_NO) values (212,'20210623_093245794_964.png',to_date('21/06/23','RR/MM/DD'),1,'Y',63);
Insert into OOTD.ATTACHMENT (ATT_NO,ATT_NAME,ATT_DATE,ATT_LEVEL,ATT_STATUS,PRODUCT_NO) values (213,'20210623_093245804_17.png',to_date('21/06/23','RR/MM/DD'),2,'Y',63);
Insert into OOTD.ATTACHMENT (ATT_NO,ATT_NAME,ATT_DATE,ATT_LEVEL,ATT_STATUS,PRODUCT_NO) values (214,'20210623_093245805_651.png',to_date('21/06/23','RR/MM/DD'),3,'Y',63);
Insert into OOTD.ATTACHMENT (ATT_NO,ATT_NAME,ATT_DATE,ATT_LEVEL,ATT_STATUS,PRODUCT_NO) values (215,'20210623_093245806_193.png',to_date('21/06/23','RR/MM/DD'),4,'Y',63);
Insert into OOTD.ATTACHMENT (ATT_NO,ATT_NAME,ATT_DATE,ATT_LEVEL,ATT_STATUS,PRODUCT_NO) values (216,'20210623_093422270_615.png',to_date('21/06/23','RR/MM/DD'),1,'Y',64);
Insert into OOTD.ATTACHMENT (ATT_NO,ATT_NAME,ATT_DATE,ATT_LEVEL,ATT_STATUS,PRODUCT_NO) values (217,'20210623_093422272_668.png',to_date('21/06/23','RR/MM/DD'),2,'Y',64);
Insert into OOTD.ATTACHMENT (ATT_NO,ATT_NAME,ATT_DATE,ATT_LEVEL,ATT_STATUS,PRODUCT_NO) values (218,'20210623_093422272_360.png',to_date('21/06/23','RR/MM/DD'),3,'Y',64);
Insert into OOTD.ATTACHMENT (ATT_NO,ATT_NAME,ATT_DATE,ATT_LEVEL,ATT_STATUS,PRODUCT_NO) values (219,'20210623_093422273_953.png',to_date('21/06/23','RR/MM/DD'),4,'Y',64);
Insert into OOTD.ATTACHMENT (ATT_NO,ATT_NAME,ATT_DATE,ATT_LEVEL,ATT_STATUS,PRODUCT_NO) values (220,'20210623_093510713_632.png',to_date('21/06/23','RR/MM/DD'),1,'Y',65);
Insert into OOTD.ATTACHMENT (ATT_NO,ATT_NAME,ATT_DATE,ATT_LEVEL,ATT_STATUS,PRODUCT_NO) values (221,'20210623_093510714_212.png',to_date('21/06/23','RR/MM/DD'),2,'Y',65);
Insert into OOTD.ATTACHMENT (ATT_NO,ATT_NAME,ATT_DATE,ATT_LEVEL,ATT_STATUS,PRODUCT_NO) values (222,'20210623_093510715_477.png',to_date('21/06/23','RR/MM/DD'),3,'Y',65);
Insert into OOTD.ATTACHMENT (ATT_NO,ATT_NAME,ATT_DATE,ATT_LEVEL,ATT_STATUS,PRODUCT_NO) values (223,'20210623_093510718_471.png',to_date('21/06/23','RR/MM/DD'),4,'Y',65);
Insert into OOTD.ATTACHMENT (ATT_NO,ATT_NAME,ATT_DATE,ATT_LEVEL,ATT_STATUS,PRODUCT_NO) values (224,'20210623_093807628_109.png',to_date('21/06/23','RR/MM/DD'),1,'Y',66);
Insert into OOTD.ATTACHMENT (ATT_NO,ATT_NAME,ATT_DATE,ATT_LEVEL,ATT_STATUS,PRODUCT_NO) values (225,'20210623_093807629_408.png',to_date('21/06/23','RR/MM/DD'),2,'Y',66);
Insert into OOTD.ATTACHMENT (ATT_NO,ATT_NAME,ATT_DATE,ATT_LEVEL,ATT_STATUS,PRODUCT_NO) values (226,'20210623_093807630_575.png',to_date('21/06/23','RR/MM/DD'),3,'Y',66);
Insert into OOTD.ATTACHMENT (ATT_NO,ATT_NAME,ATT_DATE,ATT_LEVEL,ATT_STATUS,PRODUCT_NO) values (227,'20210623_093807631_90.png',to_date('21/06/23','RR/MM/DD'),4,'Y',66);
Insert into OOTD.ATTACHMENT (ATT_NO,ATT_NAME,ATT_DATE,ATT_LEVEL,ATT_STATUS,PRODUCT_NO) values (232,'20210623_114253972_162.jpg',to_date('21/06/23','RR/MM/DD'),1,'N',68);
Insert into OOTD.ATTACHMENT (ATT_NO,ATT_NAME,ATT_DATE,ATT_LEVEL,ATT_STATUS,PRODUCT_NO) values (233,'20210623_114253974_676.jpg',to_date('21/06/23','RR/MM/DD'),2,'N',68);
Insert into OOTD.ATTACHMENT (ATT_NO,ATT_NAME,ATT_DATE,ATT_LEVEL,ATT_STATUS,PRODUCT_NO) values (230,'20210623_113623135_353.png',to_date('21/06/23','RR/MM/DD'),1,'Y',67);
Insert into OOTD.ATTACHMENT (ATT_NO,ATT_NAME,ATT_DATE,ATT_LEVEL,ATT_STATUS,PRODUCT_NO) values (231,'20210623_113623147_854.png',to_date('21/06/23','RR/MM/DD'),2,'Y',67);
Insert into OOTD.ATTACHMENT (ATT_NO,ATT_NAME,ATT_DATE,ATT_LEVEL,ATT_STATUS,PRODUCT_NO) values (234,'20210623_114253975_791.jpg',to_date('21/06/23','RR/MM/DD'),3,'N',68);
Insert into OOTD.ATTACHMENT (ATT_NO,ATT_NAME,ATT_DATE,ATT_LEVEL,ATT_STATUS,PRODUCT_NO) values (235,'20210623_114253977_918.jpg',to_date('21/06/23','RR/MM/DD'),4,'N',68);
Insert into OOTD.ATTACHMENT (ATT_NO,ATT_NAME,ATT_DATE,ATT_LEVEL,ATT_STATUS,PRODUCT_NO) values (236,'20210623_012348563_702.jpg',to_date('21/06/23','RR/MM/DD'),2,'Y',49);
Insert into OOTD.ATTACHMENT (ATT_NO,ATT_NAME,ATT_DATE,ATT_LEVEL,ATT_STATUS,PRODUCT_NO) values (245,'20210623_152932529_614.png',to_date('21/06/23','RR/MM/DD'),4,'N',69);
Insert into OOTD.ATTACHMENT (ATT_NO,ATT_NAME,ATT_DATE,ATT_LEVEL,ATT_STATUS,PRODUCT_NO) values (242,'20210623_152753952_109.png',to_date('21/06/23','RR/MM/DD'),1,'N',69);
Insert into OOTD.ATTACHMENT (ATT_NO,ATT_NAME,ATT_DATE,ATT_LEVEL,ATT_STATUS,PRODUCT_NO) values (243,'20210623_152753963_685.png',to_date('21/06/23','RR/MM/DD'),2,'N',69);
Insert into OOTD.ATTACHMENT (ATT_NO,ATT_NAME,ATT_DATE,ATT_LEVEL,ATT_STATUS,PRODUCT_NO) values (250,'20210623_153424323_439.jpg',to_date('21/06/23','RR/MM/DD'),3,'Y',70);
Insert into OOTD.ATTACHMENT (ATT_NO,ATT_NAME,ATT_DATE,ATT_LEVEL,ATT_STATUS,PRODUCT_NO) values (251,'20210623_153424326_261.jpg',to_date('21/06/23','RR/MM/DD'),4,'Y',70);
Insert into OOTD.ATTACHMENT (ATT_NO,ATT_NAME,ATT_DATE,ATT_LEVEL,ATT_STATUS,PRODUCT_NO) values (248,'20210623_153308530_507.jpg',to_date('21/06/23','RR/MM/DD'),1,'Y',70);
Insert into OOTD.ATTACHMENT (ATT_NO,ATT_NAME,ATT_DATE,ATT_LEVEL,ATT_STATUS,PRODUCT_NO) values (249,'20210623_153308531_396.jpg',to_date('21/06/23','RR/MM/DD'),2,'Y',70);
Insert into OOTD.ATTACHMENT (ATT_NO,ATT_NAME,ATT_DATE,ATT_LEVEL,ATT_STATUS,PRODUCT_NO) values (252,'20210623_154626634_554.png',to_date('21/06/23','RR/MM/DD'),1,'Y',71);
REM INSERTING into OOTD.BANK
SET DEFINE OFF;
Insert into OOTD.BANK (BANK_CODE,BANK_NAME) values ('KB','KB');
Insert into OOTD.BANK (BANK_CODE,BANK_NAME) values ('SH','신한');
Insert into OOTD.BANK (BANK_CODE,BANK_NAME) values ('WR','우리');
Insert into OOTD.BANK (BANK_CODE,BANK_NAME) values ('CH','축협');
Insert into OOTD.BANK (BANK_CODE,BANK_NAME) values ('SU','수협');
Insert into OOTD.BANK (BANK_CODE,BANK_NAME) values ('IBK','IBK');
Insert into OOTD.BANK (BANK_CODE,BANK_NAME) values ('NH','농협');
REM INSERTING into OOTD.CART
SET DEFINE OFF;
Insert into OOTD.CART (CART_NO,MEMBER_NO,CART_QUANTITY,CART_SIZE,PRODUCT_NO) values (10018,26,1,'M',7);
Insert into OOTD.CART (CART_NO,MEMBER_NO,CART_QUANTITY,CART_SIZE,PRODUCT_NO) values (10030,37,1,'L',67);
Insert into OOTD.CART (CART_NO,MEMBER_NO,CART_QUANTITY,CART_SIZE,PRODUCT_NO) values (86,39,1,'M',57);
Insert into OOTD.CART (CART_NO,MEMBER_NO,CART_QUANTITY,CART_SIZE,PRODUCT_NO) values (104,37,4,'M',7);
Insert into OOTD.CART (CART_NO,MEMBER_NO,CART_QUANTITY,CART_SIZE,PRODUCT_NO) values (87,39,1,'M',57);
REM INSERTING into OOTD.MEMBER
SET DEFINE OFF;
Insert into OOTD.MEMBER (MEMBER_NO,MEMBER_ID,MEMBER_NICKNAME,MEMBER_PW,MEMBER_NAME,EMAIL,PHONE,ADDRESS,ENROLL_DATE,BRAND_NAME,ACCOUNT_NUMBER,LOGIN_TYPE,BANK_CODE) values (1,'user01','홍사장','pwd01',null,'user01@naver.com','010-1111-1111','서울 강남구',to_date('21/06/22','RR/MM/DD'),'저스트원','352-344-234233',1,'NH');
Insert into OOTD.MEMBER (MEMBER_NO,MEMBER_ID,MEMBER_NICKNAME,MEMBER_PW,MEMBER_NAME,EMAIL,PHONE,ADDRESS,ENROLL_DATE,BRAND_NAME,ACCOUNT_NUMBER,LOGIN_TYPE,BANK_CODE) values (2,'user02','최사장','pwd02',null,'user02@naver.com','010-2222-2222','서울 강서구',to_date('21/06/22','RR/MM/DD'),'누더기','321-044-444333',1,'WR');
Insert into OOTD.MEMBER (MEMBER_NO,MEMBER_ID,MEMBER_NICKNAME,MEMBER_PW,MEMBER_NAME,EMAIL,PHONE,ADDRESS,ENROLL_DATE,BRAND_NAME,ACCOUNT_NUMBER,LOGIN_TYPE,BANK_CODE) values (3,'user03','마사장','pwd03',null,'user03@naver.com','010-3333-3333','서울 강북구',to_date('21/06/22','RR/MM/DD'),'사던지말던지','052-544-215333',1,'SH');
Insert into OOTD.MEMBER (MEMBER_NO,MEMBER_ID,MEMBER_NICKNAME,MEMBER_PW,MEMBER_NAME,EMAIL,PHONE,ADDRESS,ENROLL_DATE,BRAND_NAME,ACCOUNT_NUMBER,LOGIN_TYPE,BANK_CODE) values (4,'user04','김사장','pwd04',null,'user04@daum.net','010-4444-4444','서울 강동구',to_date('21/06/22','RR/MM/DD'),'왔으면사던가해','442-984-923123',1,'NH');
Insert into OOTD.MEMBER (MEMBER_NO,MEMBER_ID,MEMBER_NICKNAME,MEMBER_PW,MEMBER_NAME,EMAIL,PHONE,ADDRESS,ENROLL_DATE,BRAND_NAME,ACCOUNT_NUMBER,LOGIN_TYPE,BANK_CODE) values (5,'user05','박사장','pwd05',null,'user05@daum.net','010-5555-5555','서울 용산',to_date('21/06/22','RR/MM/DD'),'옷처음봐?','122-574-522343',1,'SH');
Insert into OOTD.MEMBER (MEMBER_NO,MEMBER_ID,MEMBER_NICKNAME,MEMBER_PW,MEMBER_NAME,EMAIL,PHONE,ADDRESS,ENROLL_DATE,BRAND_NAME,ACCOUNT_NUMBER,LOGIN_TYPE,BANK_CODE) values (6,'user06','현사장','pwd06',null,'user06@daum.net','010-6666-6666','경기 남양주',to_date('21/06/22','RR/MM/DD'),'훔치기만해봐','772-211-634443',1,'KB');
Insert into OOTD.MEMBER (MEMBER_NO,MEMBER_ID,MEMBER_NICKNAME,MEMBER_PW,MEMBER_NAME,EMAIL,PHONE,ADDRESS,ENROLL_DATE,BRAND_NAME,ACCOUNT_NUMBER,LOGIN_TYPE,BANK_CODE) values (7,'user07','심사장','pwd07',null,'user07@daum.net','010-7777-7777','경기 의정부',to_date('21/06/22','RR/MM/DD'),'DMC 떠리중','889-342-534233',1,'NH');
Insert into OOTD.MEMBER (MEMBER_NO,MEMBER_ID,MEMBER_NICKNAME,MEMBER_PW,MEMBER_NAME,EMAIL,PHONE,ADDRESS,ENROLL_DATE,BRAND_NAME,ACCOUNT_NUMBER,LOGIN_TYPE,BANK_CODE) values (8,'user08','홍회원','pwd08','홍상길','user08@naver.com','010-8888-9999','서울 강남구',to_date('21/06/22','RR/MM/DD'),'중고','112-344-234233',2,'CH');
Insert into OOTD.MEMBER (MEMBER_NO,MEMBER_ID,MEMBER_NICKNAME,MEMBER_PW,MEMBER_NAME,EMAIL,PHONE,ADDRESS,ENROLL_DATE,BRAND_NAME,ACCOUNT_NUMBER,LOGIN_TYPE,BANK_CODE) values (9,'user09','정회원','pwd09','정상길','user09@naver.com','010-9999-9999','서울 강남구',to_date('21/06/22','RR/MM/DD'),'중고',null,2,null);
Insert into OOTD.MEMBER (MEMBER_NO,MEMBER_ID,MEMBER_NICKNAME,MEMBER_PW,MEMBER_NAME,EMAIL,PHONE,ADDRESS,ENROLL_DATE,BRAND_NAME,ACCOUNT_NUMBER,LOGIN_TYPE,BANK_CODE) values (10,'user10','김회원','pwd10','김상길','user10@daum.net','010-2000-2000','서울 강남구',to_date('21/06/22','RR/MM/DD'),'중고','421-344-234233',2,'NH');
Insert into OOTD.MEMBER (MEMBER_NO,MEMBER_ID,MEMBER_NICKNAME,MEMBER_PW,MEMBER_NAME,EMAIL,PHONE,ADDRESS,ENROLL_DATE,BRAND_NAME,ACCOUNT_NUMBER,LOGIN_TYPE,BANK_CODE) values (11,'user11','은회원','pwd11','은상길','user11@daum.net','010-3000-3000','서울 강남구',to_date('21/06/22','RR/MM/DD'),'중고','555-344-234233',2,'SH');
Insert into OOTD.MEMBER (MEMBER_NO,MEMBER_ID,MEMBER_NICKNAME,MEMBER_PW,MEMBER_NAME,EMAIL,PHONE,ADDRESS,ENROLL_DATE,BRAND_NAME,ACCOUNT_NUMBER,LOGIN_TYPE,BANK_CODE) values (12,'user12','성회원','pwd12','성상길','user12@daum.net','010-4000-4000','서울 강남구',to_date('21/06/22','RR/MM/DD'),'중고',null,2,null);
Insert into OOTD.MEMBER (MEMBER_NO,MEMBER_ID,MEMBER_NICKNAME,MEMBER_PW,MEMBER_NAME,EMAIL,PHONE,ADDRESS,ENROLL_DATE,BRAND_NAME,ACCOUNT_NUMBER,LOGIN_TYPE,BANK_CODE) values (13,'user13','심회원','pwd13','심상길','user13@daum.net','010-5000-5000','서울 강남구',to_date('21/06/22','RR/MM/DD'),'중고','565-344-234233',2,'WR');
Insert into OOTD.MEMBER (MEMBER_NO,MEMBER_ID,MEMBER_NICKNAME,MEMBER_PW,MEMBER_NAME,EMAIL,PHONE,ADDRESS,ENROLL_DATE,BRAND_NAME,ACCOUNT_NUMBER,LOGIN_TYPE,BANK_CODE) values (14,'user14','박회원','pwd14','박상길','user14@daum.net','010-2222-1111','서울 강남구',to_date('21/06/22','RR/MM/DD'),'중고',null,2,null);
Insert into OOTD.MEMBER (MEMBER_NO,MEMBER_ID,MEMBER_NICKNAME,MEMBER_PW,MEMBER_NAME,EMAIL,PHONE,ADDRESS,ENROLL_DATE,BRAND_NAME,ACCOUNT_NUMBER,LOGIN_TYPE,BANK_CODE) values (15,'user15','지회원','pwd15','지상길','user15@daum.net','010-3333-1111','서울 강남구',to_date('21/06/22','RR/MM/DD'),'중고','543-344-234233',2,'IBK');
Insert into OOTD.MEMBER (MEMBER_NO,MEMBER_ID,MEMBER_NICKNAME,MEMBER_PW,MEMBER_NAME,EMAIL,PHONE,ADDRESS,ENROLL_DATE,BRAND_NAME,ACCOUNT_NUMBER,LOGIN_TYPE,BANK_CODE) values (43,'danielshop','daniel','$2a$10$IK5yVJnn5RY2JC.EFrCTte3KEJE9mIS42cbtrw8XpBJGcPFSxjq6S',null,'danielshop@danielshop.com','01000002345','서울 강동구 양재대로123길 7 (천호동, 강동그랑시아),123',to_date('21/06/23','RR/MM/DD'),'danielshop','0020003001',1,'KB');
Insert into OOTD.MEMBER (MEMBER_NO,MEMBER_ID,MEMBER_NICKNAME,MEMBER_PW,MEMBER_NAME,EMAIL,PHONE,ADDRESS,ENROLL_DATE,BRAND_NAME,ACCOUNT_NUMBER,LOGIN_TYPE,BANK_CODE) values (26,'hwangseok','패리쓰','$2a$10$2/vUTZ7EHo2acgOQt7PQPuDfZKErajJfjv5osKBFsb98Za2Ign3Ai','김황석','hwangseokparis@gmail.com','01044974891','서울 강남구 가로수길 5 (신사동),메롱',to_date('21/06/22','RR/MM/DD'),'중고','123123123',2,'NH');
Insert into OOTD.MEMBER (MEMBER_NO,MEMBER_ID,MEMBER_NICKNAME,MEMBER_PW,MEMBER_NAME,EMAIL,PHONE,ADDRESS,ENROLL_DATE,BRAND_NAME,ACCOUNT_NUMBER,LOGIN_TYPE,BANK_CODE) values (47,'1777734103','ppppppp','$2a$10$tCZxqm4ooBRj0Arjq.9Fd.5lo9XS8YWUmkDIml5sI62BORL3j5TFe','김황','hwangseok89@naver.com','01001022222','서울 강남구 봉은사로44길 1 (역삼동),12344',to_date('21/06/23','RR/MM/DD'),'중고','1231231223',2,'KB');
Insert into OOTD.MEMBER (MEMBER_NO,MEMBER_ID,MEMBER_NICKNAME,MEMBER_PW,MEMBER_NAME,EMAIL,PHONE,ADDRESS,ENROLL_DATE,BRAND_NAME,ACCOUNT_NUMBER,LOGIN_TYPE,BANK_CODE) values (37,'usertest','usertest','$2a$10$L855LDFYdNCEXJe68/xHB.4yJMeNq5SqUL08sWhz60pyu2UbZb1R2','OOTD_USER','usertest@ootd.com','01111111111','서울 강남구 신사동 537-5,1111',to_date('21/06/23','RR/MM/DD'),'중고','1231233123',2,'KB');
Insert into OOTD.MEMBER (MEMBER_NO,MEMBER_ID,MEMBER_NICKNAME,MEMBER_PW,MEMBER_NAME,EMAIL,PHONE,ADDRESS,ENROLL_DATE,BRAND_NAME,ACCOUNT_NUMBER,LOGIN_TYPE,BANK_CODE) values (39,'brandtest','OOTD','$2a$10$cRqfL09P2Or/EX1N9I/BBOtgL2xoaRkvNNDCNYTZ.58UVjKbfqYxa',null,'ootd@ootd.com','01012341111','서울 강남구 가로수길 9 (신사동),213',to_date('21/06/23','RR/MM/DD'),'OOTD','231234533231',1,'SH');
REM INSERTING into OOTD.O_ORDER
SET DEFINE OFF;
Insert into OOTD.O_ORDER (ORDER_NO,RECEIVER_NAME,ORDER_ADDRESS,ORDER_DATE,ORDER_MEMO,TOTAL_PRICE,MEMBER_NO) values (361,'신세경','서울특별시',to_date('21/06/22','RR/MM/DD'),'문 앞에 놔주세요',100000,1);
Insert into OOTD.O_ORDER (ORDER_NO,RECEIVER_NAME,ORDER_ADDRESS,ORDER_DATE,ORDER_MEMO,TOTAL_PRICE,MEMBER_NO) values (362,'송혜교','경기도 과천시',to_date('21/06/09','RR/MM/DD'),'경비실에 맡겨주세요',200000,2);
Insert into OOTD.O_ORDER (ORDER_NO,RECEIVER_NAME,ORDER_ADDRESS,ORDER_DATE,ORDER_MEMO,TOTAL_PRICE,MEMBER_NO) values (363,'차은우','경기도 안양시',to_date('21/06/09','RR/MM/DD'),'버려주세요',300000,3);
Insert into OOTD.O_ORDER (ORDER_NO,RECEIVER_NAME,ORDER_ADDRESS,ORDER_DATE,ORDER_MEMO,TOTAL_PRICE,MEMBER_NO) values (364,'한효주','서울특별시',to_date('21/06/09','RR/MM/DD'),'문 앞에 놔주세요',400000,4);
Insert into OOTD.O_ORDER (ORDER_NO,RECEIVER_NAME,ORDER_ADDRESS,ORDER_DATE,ORDER_MEMO,TOTAL_PRICE,MEMBER_NO) values (365,'김고은','대구광역시',to_date('21/06/09','RR/MM/DD'),'문 앞에 놔주세요',500000,5);
Insert into OOTD.O_ORDER (ORDER_NO,RECEIVER_NAME,ORDER_ADDRESS,ORDER_DATE,ORDER_MEMO,TOTAL_PRICE,MEMBER_NO) values (366,'이준기','서울특별시',to_date('21/06/09','RR/MM/DD'),'문 앞에 놔주세요',600000,6);
Insert into OOTD.O_ORDER (ORDER_NO,RECEIVER_NAME,ORDER_ADDRESS,ORDER_DATE,ORDER_MEMO,TOTAL_PRICE,MEMBER_NO) values (367,'한효주','경기도 수원시',to_date('21/06/09','RR/MM/DD'),'문 앞에 놔주세요',700000,7);
Insert into OOTD.O_ORDER (ORDER_NO,RECEIVER_NAME,ORDER_ADDRESS,ORDER_DATE,ORDER_MEMO,TOTAL_PRICE,MEMBER_NO) values (368,'김태희','경기도 의왕시',to_date('21/06/09','RR/MM/DD'),'문 앞에 놔주세요',800000,8);
Insert into OOTD.O_ORDER (ORDER_NO,RECEIVER_NAME,ORDER_ADDRESS,ORDER_DATE,ORDER_MEMO,TOTAL_PRICE,MEMBER_NO) values (369,'박근형','서울특별시',to_date('21/06/09','RR/MM/DD'),'문 앞에 놔주세요',900000,9);
Insert into OOTD.O_ORDER (ORDER_NO,RECEIVER_NAME,ORDER_ADDRESS,ORDER_DATE,ORDER_MEMO,TOTAL_PRICE,MEMBER_NO) values (370,'유재석','대전광역시',to_date('21/06/09','RR/MM/DD'),'문 앞에 놔주세요',120000,10);
Insert into OOTD.O_ORDER (ORDER_NO,RECEIVER_NAME,ORDER_ADDRESS,ORDER_DATE,ORDER_MEMO,TOTAL_PRICE,MEMBER_NO) values (371,'강호동','부산광역시',to_date('21/06/09','RR/MM/DD'),'문 앞에 놔주세요',130000,11);
Insert into OOTD.O_ORDER (ORDER_NO,RECEIVER_NAME,ORDER_ADDRESS,ORDER_DATE,ORDER_MEMO,TOTAL_PRICE,MEMBER_NO) values (372,'이수근','제주특별자치도',to_date('21/06/09','RR/MM/DD'),'문 앞에 놔주세요',140000,12);
Insert into OOTD.O_ORDER (ORDER_NO,RECEIVER_NAME,ORDER_ADDRESS,ORDER_DATE,ORDER_MEMO,TOTAL_PRICE,MEMBER_NO) values (373,'이승기','광주광역시',to_date('21/06/09','RR/MM/DD'),'문 앞에 놔주세요',150000,13);
Insert into OOTD.O_ORDER (ORDER_NO,RECEIVER_NAME,ORDER_ADDRESS,ORDER_DATE,ORDER_MEMO,TOTAL_PRICE,MEMBER_NO) values (374,'김혜수','경상북도 밀양시',to_date('21/06/09','RR/MM/DD'),'문 앞에 놔주세요',160000,14);
Insert into OOTD.O_ORDER (ORDER_NO,RECEIVER_NAME,ORDER_ADDRESS,ORDER_DATE,ORDER_MEMO,TOTAL_PRICE,MEMBER_NO) values (375,'사나','경상남도 포항시',to_date('21/06/09','RR/MM/DD'),'문 앞에 놔주세요',170000,15);
Insert into OOTD.O_ORDER (ORDER_NO,RECEIVER_NAME,ORDER_ADDRESS,ORDER_DATE,ORDER_MEMO,TOTAL_PRICE,MEMBER_NO) values (407,'OOTD','서울 강남구 신사동 537-5 1111',to_date('21/06/23','RR/MM/DD'),'없음',58000,37);
Insert into OOTD.O_ORDER (ORDER_NO,RECEIVER_NAME,ORDER_ADDRESS,ORDER_DATE,ORDER_MEMO,TOTAL_PRICE,MEMBER_NO) values (408,'OOTD','서울 강남구 신사동 537-5 1111',to_date('21/06/23','RR/MM/DD'),'없음',948000,37);
Insert into OOTD.O_ORDER (ORDER_NO,RECEIVER_NAME,ORDER_ADDRESS,ORDER_DATE,ORDER_MEMO,TOTAL_PRICE,MEMBER_NO) values (409,'OOTD','서울 강남구 신사동 537-5 1111',to_date('21/06/23','RR/MM/DD'),'없음',49000,37);
Insert into OOTD.O_ORDER (ORDER_NO,RECEIVER_NAME,ORDER_ADDRESS,ORDER_DATE,ORDER_MEMO,TOTAL_PRICE,MEMBER_NO) values (392,'김황석1','서울 강남구 가로수길 5 (신사동) 메롱',to_date('21/06/22','RR/MM/DD'),'없음',269000,26);
Insert into OOTD.O_ORDER (ORDER_NO,RECEIVER_NAME,ORDER_ADDRESS,ORDER_DATE,ORDER_MEMO,TOTAL_PRICE,MEMBER_NO) values (393,'김황석1','서울 강남구 가로수길 5 (신사동) 메롱',to_date('21/06/22','RR/MM/DD'),'없음',1000,26);
Insert into OOTD.O_ORDER (ORDER_NO,RECEIVER_NAME,ORDER_ADDRESS,ORDER_DATE,ORDER_MEMO,TOTAL_PRICE,MEMBER_NO) values (394,'김황석1','서울 강남구 가로수길 5 (신사동) 메롱',to_date('21/06/22','RR/MM/DD'),'없음',119000,26);
Insert into OOTD.O_ORDER (ORDER_NO,RECEIVER_NAME,ORDER_ADDRESS,ORDER_DATE,ORDER_MEMO,TOTAL_PRICE,MEMBER_NO) values (395,'김황석1','서울 강남구 가로수길 5 (신사동) 메롱',to_date('21/06/22','RR/MM/DD'),'없음',385000,26);
Insert into OOTD.O_ORDER (ORDER_NO,RECEIVER_NAME,ORDER_ADDRESS,ORDER_DATE,ORDER_MEMO,TOTAL_PRICE,MEMBER_NO) values (396,'김황석1','서울 강남구 가로수길 5 (신사동) 메롱',to_date('21/06/22','RR/MM/DD'),'없음',256000,26);
Insert into OOTD.O_ORDER (ORDER_NO,RECEIVER_NAME,ORDER_ADDRESS,ORDER_DATE,ORDER_MEMO,TOTAL_PRICE,MEMBER_NO) values (397,'김황석','서울 강남구 가로수길 5 (신사동) 메롱',to_date('21/06/22','RR/MM/DD'),'없음',98000,26);
Insert into OOTD.O_ORDER (ORDER_NO,RECEIVER_NAME,ORDER_ADDRESS,ORDER_DATE,ORDER_MEMO,TOTAL_PRICE,MEMBER_NO) values (410,'OOTD','서울 강남구 신사동 537-5 1111',to_date('21/06/23','RR/MM/DD'),'없음',109200,37);
Insert into OOTD.O_ORDER (ORDER_NO,RECEIVER_NAME,ORDER_ADDRESS,ORDER_DATE,ORDER_MEMO,TOTAL_PRICE,MEMBER_NO) values (399,'김황석','서울 강남구 가로수길 5 (신사동) 메롱',to_date('21/06/22','RR/MM/DD'),'없음',654000,26);
Insert into OOTD.O_ORDER (ORDER_NO,RECEIVER_NAME,ORDER_ADDRESS,ORDER_DATE,ORDER_MEMO,TOTAL_PRICE,MEMBER_NO) values (400,'김황석','서울 강남구 가로수길 5 (신사동) 메롱',to_date('21/06/22','RR/MM/DD'),'없음',525000,26);
Insert into OOTD.O_ORDER (ORDER_NO,RECEIVER_NAME,ORDER_ADDRESS,ORDER_DATE,ORDER_MEMO,TOTAL_PRICE,MEMBER_NO) values (401,'김황석','서울 강남구 가로수길 5 (신사동) 메롱',to_date('21/06/22','RR/MM/DD'),'없음',3000,26);
Insert into OOTD.O_ORDER (ORDER_NO,RECEIVER_NAME,ORDER_ADDRESS,ORDER_DATE,ORDER_MEMO,TOTAL_PRICE,MEMBER_NO) values (402,'김황석','서울 강남구 가로수길 5 (신사동) 메롱',to_date('21/06/22','RR/MM/DD'),'없음',123,26);
Insert into OOTD.O_ORDER (ORDER_NO,RECEIVER_NAME,ORDER_ADDRESS,ORDER_DATE,ORDER_MEMO,TOTAL_PRICE,MEMBER_NO) values (411,'이희수','서울 강서구 마곡동로 161 (마곡동, 서울식물원) 1111',to_date('21/06/23','RR/MM/DD'),'빨리 주세요 오늘 생일이란 말이에요',195000,37);
Insert into OOTD.O_ORDER (ORDER_NO,RECEIVER_NAME,ORDER_ADDRESS,ORDER_DATE,ORDER_MEMO,TOTAL_PRICE,MEMBER_NO) values (412,'daniel','서울 강남구 봉은사로 403 (삼성동, 하모니 빌딩) 1111',to_date('21/06/23','RR/MM/DD'),'선생님 감사합니다 :)',48000,37);
Insert into OOTD.O_ORDER (ORDER_NO,RECEIVER_NAME,ORDER_ADDRESS,ORDER_DATE,ORDER_MEMO,TOTAL_PRICE,MEMBER_NO) values (406,'OOTD','서울 강남구 신사동 537-5 1111',to_date('21/06/23','RR/MM/DD'),'없음',1579000,37);
REM INSERTING into OOTD.O_ORDER_LIST
SET DEFINE OFF;
Insert into OOTD.O_ORDER_LIST (ORDER_SIZE,ORDER_QUANTITY,ORDER_NO,PRODUCT_NO,ORDER_STATUS) values ('S',1,406,1,1);
Insert into OOTD.O_ORDER_LIST (ORDER_SIZE,ORDER_QUANTITY,ORDER_NO,PRODUCT_NO,ORDER_STATUS) values ('M',1,406,2,1);
Insert into OOTD.O_ORDER_LIST (ORDER_SIZE,ORDER_QUANTITY,ORDER_NO,PRODUCT_NO,ORDER_STATUS) values ('L',1,406,7,1);
Insert into OOTD.O_ORDER_LIST (ORDER_SIZE,ORDER_QUANTITY,ORDER_NO,PRODUCT_NO,ORDER_STATUS) values ('M',1,392,7,1);
Insert into OOTD.O_ORDER_LIST (ORDER_SIZE,ORDER_QUANTITY,ORDER_NO,PRODUCT_NO,ORDER_STATUS) values ('M',1,406,7,1);
Insert into OOTD.O_ORDER_LIST (ORDER_SIZE,ORDER_QUANTITY,ORDER_NO,PRODUCT_NO,ORDER_STATUS) values ('S',1,394,5,4);
Insert into OOTD.O_ORDER_LIST (ORDER_SIZE,ORDER_QUANTITY,ORDER_NO,PRODUCT_NO,ORDER_STATUS) values ('S',1,395,1,1);
Insert into OOTD.O_ORDER_LIST (ORDER_SIZE,ORDER_QUANTITY,ORDER_NO,PRODUCT_NO,ORDER_STATUS) values ('S',1,396,2,1);
Insert into OOTD.O_ORDER_LIST (ORDER_SIZE,ORDER_QUANTITY,ORDER_NO,PRODUCT_NO,ORDER_STATUS) values ('S',1,397,6,1);
Insert into OOTD.O_ORDER_LIST (ORDER_SIZE,ORDER_QUANTITY,ORDER_NO,PRODUCT_NO,ORDER_STATUS) values ('M',1,406,15,1);
Insert into OOTD.O_ORDER_LIST (ORDER_SIZE,ORDER_QUANTITY,ORDER_NO,PRODUCT_NO,ORDER_STATUS) values ('M',1,407,61,4);
Insert into OOTD.O_ORDER_LIST (ORDER_SIZE,ORDER_QUANTITY,ORDER_NO,PRODUCT_NO,ORDER_STATUS) values ('M',1,407,64,4);
Insert into OOTD.O_ORDER_LIST (ORDER_SIZE,ORDER_QUANTITY,ORDER_NO,PRODUCT_NO,ORDER_STATUS) values ('S',1,408,4,4);
Insert into OOTD.O_ORDER_LIST (ORDER_SIZE,ORDER_QUANTITY,ORDER_NO,PRODUCT_NO,ORDER_STATUS) values ('L',1,408,51,4);
Insert into OOTD.O_ORDER_LIST (ORDER_SIZE,ORDER_QUANTITY,ORDER_NO,PRODUCT_NO,ORDER_STATUS) values ('M',4,408,58,3);
Insert into OOTD.O_ORDER_LIST (ORDER_SIZE,ORDER_QUANTITY,ORDER_NO,PRODUCT_NO,ORDER_STATUS) values ('L',1,406,1,1);
Insert into OOTD.O_ORDER_LIST (ORDER_SIZE,ORDER_QUANTITY,ORDER_NO,PRODUCT_NO,ORDER_STATUS) values ('M',1,408,59,4);
Insert into OOTD.O_ORDER_LIST (ORDER_SIZE,ORDER_QUANTITY,ORDER_NO,PRODUCT_NO,ORDER_STATUS) values ('M',1,399,7,1);
Insert into OOTD.O_ORDER_LIST (ORDER_SIZE,ORDER_QUANTITY,ORDER_NO,PRODUCT_NO,ORDER_STATUS) values ('S',1,399,1,1);
Insert into OOTD.O_ORDER_LIST (ORDER_SIZE,ORDER_QUANTITY,ORDER_NO,PRODUCT_NO,ORDER_STATUS) values ('M',1,400,2,1);
Insert into OOTD.O_ORDER_LIST (ORDER_SIZE,ORDER_QUANTITY,ORDER_NO,PRODUCT_NO,ORDER_STATUS) values ('M',1,400,7,1);
Insert into OOTD.O_ORDER_LIST (ORDER_SIZE,ORDER_QUANTITY,ORDER_NO,PRODUCT_NO,ORDER_STATUS) values ('M',1,409,56,1);
Insert into OOTD.O_ORDER_LIST (ORDER_SIZE,ORDER_QUANTITY,ORDER_NO,PRODUCT_NO,ORDER_STATUS) values ('M',4,410,57,2);
Insert into OOTD.O_ORDER_LIST (ORDER_SIZE,ORDER_QUANTITY,ORDER_NO,PRODUCT_NO,ORDER_STATUS) values ('M',1,411,51,2);
Insert into OOTD.O_ORDER_LIST (ORDER_SIZE,ORDER_QUANTITY,ORDER_NO,PRODUCT_NO,ORDER_STATUS) values ('S',1,412,66,4);
REM INSERTING into OOTD.PRODUCT
SET DEFINE OFF;
Insert into OOTD.PRODUCT (PRODUCT_NO,PRODUCT_NAME,PRODUCT_DETAIL,PRODUCT_SIZEINFO,PRODUCT_SIZE,PRODUCT_PRICE,PRODUCT_STOCK_S,PRODUCT_STOCK_M,PRODUCT_STOCK_L,PRODUCT_TYPE,MEMBER_NO,PRODUCT_STATUS,PRODUCT_CATEGORY) values (50,'Soeil Fitted S/S Tee - White','95% COTTON
5% POLYURETHANE','color - white',null,45000,50,50,50,1,39,'Y',1);
Insert into OOTD.PRODUCT (PRODUCT_NO,PRODUCT_NAME,PRODUCT_DETAIL,PRODUCT_SIZEINFO,PRODUCT_SIZE,PRODUCT_PRICE,PRODUCT_STOCK_S,PRODUCT_STOCK_M,PRODUCT_STOCK_L,PRODUCT_TYPE,MEMBER_NO,PRODUCT_STATUS,PRODUCT_CATEGORY) values (1,'Hiroji Kubota Coaches Jacket','리차드슨과 국제적 사진가 집단 매그넘 포토의 협업 컬렉션입니다. 구보타 히로지(Hiroji Kubota) - Hiroji Kubota Coaches Jacket 히로지 구보타는 60년대부터 포토 저널리스트로 반전 시위부터 미국의 각종 정치 운동을 쫓았으며,이번 컬렉션에 사용된 그의 사진은 60년대 시카고에서 포착된 흑표당(Black Panther Party)의 거칠고 강한 움직임을 비추고있습니다','Color - Black','S, L',385000,3,null,229,1,1,'Y',1);
Insert into OOTD.PRODUCT (PRODUCT_NO,PRODUCT_NAME,PRODUCT_DETAIL,PRODUCT_SIZEINFO,PRODUCT_SIZE,PRODUCT_PRICE,PRODUCT_STOCK_S,PRODUCT_STOCK_M,PRODUCT_STOCK_L,PRODUCT_TYPE,MEMBER_NO,PRODUCT_STATUS,PRODUCT_CATEGORY) values (2,'Multi Check Half N Half Jacket','Contrasting check fabric 3-buttons blazer.  Notched lapel collar.  Button closure at front.  Welt pocket with black label at chest. Asymmetric pocket design. Body : Polyester 62% Rayon 35% Polyurethane 3%Lining : Polyester 100%','Color - Navy/Brown','S, M, L',256000,44,96,229,1,2,'Y',1);
Insert into OOTD.PRODUCT (PRODUCT_NO,PRODUCT_NAME,PRODUCT_DETAIL,PRODUCT_SIZEINFO,PRODUCT_SIZE,PRODUCT_PRICE,PRODUCT_STOCK_S,PRODUCT_STOCK_M,PRODUCT_STOCK_L,PRODUCT_TYPE,MEMBER_NO,PRODUCT_STATUS,PRODUCT_CATEGORY) values (3,'Laser Library Jeans','· Graphic of “Sadist Library”(JOEGUSH original graphic) Laser wash Cotton 100%','Color - Deep Blue','M, L',189000,null,15,6,1,3,'Y',2);
Insert into OOTD.PRODUCT (PRODUCT_NO,PRODUCT_NAME,PRODUCT_DETAIL,PRODUCT_SIZEINFO,PRODUCT_SIZE,PRODUCT_PRICE,PRODUCT_STOCK_S,PRODUCT_STOCK_M,PRODUCT_STOCK_L,PRODUCT_TYPE,MEMBER_NO,PRODUCT_STATUS,PRODUCT_CATEGORY) values (4,'Supplex Cargo Shorts','- Material : Nylon 66 70D 100% (Invista Supplex) - Weight : 210 g (M-Size)  - Parts : YKK Buckel, Zippers, Velcro','Color - Deep Blue Size - M-Size','S, M',112000,18,19,null,1,4,'Y',2);
Insert into OOTD.PRODUCT (PRODUCT_NO,PRODUCT_NAME,PRODUCT_DETAIL,PRODUCT_SIZEINFO,PRODUCT_SIZE,PRODUCT_PRICE,PRODUCT_STOCK_S,PRODUCT_STOCK_M,PRODUCT_STOCK_L,PRODUCT_TYPE,MEMBER_NO,PRODUCT_STATUS,PRODUCT_CATEGORY) values (5,'Loose Tapered Pants','OOSE TAPERED PANTS 그라미치의 인기 상품인 LOOSE TAPERED PANTS입니다. 허리부터 무릎까지 여유가 있고, 밑단으로 갈수록 슬림해지는 실루엣이 특징입니다.  DESIGN DETAIL  발목에서 떨어지는 크롭된 길이감과, 전면의 퍼티그 포켓이 특징입니다.',null,'S, M',119000,22,27,null,1,5,'Y',2);
Insert into OOTD.PRODUCT (PRODUCT_NO,PRODUCT_NAME,PRODUCT_DETAIL,PRODUCT_SIZEINFO,PRODUCT_SIZE,PRODUCT_PRICE,PRODUCT_STOCK_S,PRODUCT_STOCK_M,PRODUCT_STOCK_L,PRODUCT_TYPE,MEMBER_NO,PRODUCT_STATUS,PRODUCT_CATEGORY) values (6,'Basic Denim Pants','100% cotton',null,'S, L',98000,45,null,20,1,6,'Y',2);
Insert into OOTD.PRODUCT (PRODUCT_NO,PRODUCT_NAME,PRODUCT_DETAIL,PRODUCT_SIZEINFO,PRODUCT_SIZE,PRODUCT_PRICE,PRODUCT_STOCK_S,PRODUCT_STOCK_M,PRODUCT_STOCK_L,PRODUCT_TYPE,MEMBER_NO,PRODUCT_STATUS,PRODUCT_CATEGORY) values (7,'Leather Shadow RGS','MATERIAL Upper : Cow Leather 55%, Texttile 36.8%, Synthetic 8.2%  Lining : Texttile 100% Washing Instructions Professional washing service recommended','Color - W/White','M, L',269000,null,34,69,1,7,'Y',3);
Insert into OOTD.PRODUCT (PRODUCT_NO,PRODUCT_NAME,PRODUCT_DETAIL,PRODUCT_SIZEINFO,PRODUCT_SIZE,PRODUCT_PRICE,PRODUCT_STOCK_S,PRODUCT_STOCK_M,PRODUCT_STOCK_L,PRODUCT_TYPE,MEMBER_NO,PRODUCT_STATUS,PRODUCT_CATEGORY) values (8,'폴스미스 코튼 하와이안 반팔 셔츠','브랜드 제품명 : PAUL SMITH 하와이안 반팔 셔츠 / 컬러 : Multi / 소재 : 코튼 / 세탁법 : 드라이클리닝 권장  제품 상태 : 상품 사진 외 특별한 오염 및 데미지 없는 우수한 상태','어깨 45 / 가슴 54 / 암    홀 23 / 팔길이 22 / 총길이 72','L',88000,null,null,1,2,8,'Y',1);
Insert into OOTD.PRODUCT (PRODUCT_NO,PRODUCT_NAME,PRODUCT_DETAIL,PRODUCT_SIZEINFO,PRODUCT_SIZE,PRODUCT_PRICE,PRODUCT_STOCK_S,PRODUCT_STOCK_M,PRODUCT_STOCK_L,PRODUCT_TYPE,MEMBER_NO,PRODUCT_STATUS,PRODUCT_CATEGORY) values (9,'버버리 코튼 반팔 카라티','제품 정보 브랜드 제품명 : BURBERRY 반팔 카라티 / 컬러 : White / 소재 : 코튼 / 세탁법 : 드라이클리닝 권장 제품 상태 : 상품 사진 외 특별한 오염 및 데미지 없는 우수한 상태','어깨 45 / 가슴 55 / 암홀 26 / 팔길이 29 / 총길이 81','M',84000,null,1,null,2,9,'Y',1);
Insert into OOTD.PRODUCT (PRODUCT_NO,PRODUCT_NAME,PRODUCT_DETAIL,PRODUCT_SIZEINFO,PRODUCT_SIZE,PRODUCT_PRICE,PRODUCT_STOCK_S,PRODUCT_STOCK_M,PRODUCT_STOCK_L,PRODUCT_TYPE,MEMBER_NO,PRODUCT_STATUS,PRODUCT_CATEGORY) values (10,'빅 스미스 코튼 서스펜더 데님 팬츠','브랜드 제품명 : BIG SMITH 서스펜더 데님 팬츠 / 컬러 : Denim / 소재 : 코튼 / 세탁법 : 드라이클리닝 권장  제품 상태 : 상품 사진 외 특별한 오염 및 데미지 없는 우수한 상태','허리 41(32inch) / 밑위 36 / 허벅지 31 / 밑단 23 / 허리부터 총기장 113','S',55000,1,null,null,2,10,'Y',2);
Insert into OOTD.PRODUCT (PRODUCT_NO,PRODUCT_NAME,PRODUCT_DETAIL,PRODUCT_SIZEINFO,PRODUCT_SIZE,PRODUCT_PRICE,PRODUCT_STOCK_S,PRODUCT_STOCK_M,PRODUCT_STOCK_L,PRODUCT_TYPE,MEMBER_NO,PRODUCT_STATUS,PRODUCT_CATEGORY) values (11,'보헤미안 코튼 팬츠','브랜드 제품명 : BOHEMIANS 팬츠 / 컬러 : Multi / 소재 : 코튼 / 세탁법 : 드라이클리닝 권장  제품 상태 : 상품 사진 외 특별한 오염 및 데미지 없는 우수한 상태','허리 37(29inch) / 밑위 27 / 허벅지 30 / 밑단 22 / 총기장 102','M',32000,null,1,null,2,11,'Y',2);
Insert into OOTD.PRODUCT (PRODUCT_NO,PRODUCT_NAME,PRODUCT_DETAIL,PRODUCT_SIZEINFO,PRODUCT_SIZE,PRODUCT_PRICE,PRODUCT_STOCK_S,PRODUCT_STOCK_M,PRODUCT_STOCK_L,PRODUCT_TYPE,MEMBER_NO,PRODUCT_STATUS,PRODUCT_CATEGORY) values (12,'리 코튼 데님 클러치 백','브랜드 제품명 : LEE 데님 클러치 백 / 컬러 : Denim / 소재 : 코튼 / 세탁법 : 드라이클리닝 권장  제품 상태 : 상품 사진 외 특별한 오염 및 데미지 없는 우수한 상태','가로 35 / 세로 26 / 폭 2','S',28000,1,null,null,2,12,'Y',5);
Insert into OOTD.PRODUCT (PRODUCT_NO,PRODUCT_NAME,PRODUCT_DETAIL,PRODUCT_SIZEINFO,PRODUCT_SIZE,PRODUCT_PRICE,PRODUCT_STOCK_S,PRODUCT_STOCK_M,PRODUCT_STOCK_L,PRODUCT_TYPE,MEMBER_NO,PRODUCT_STATUS,PRODUCT_CATEGORY) values (13,'폴리 블랜드 토트 백','브랜드 제품명 : TOTE BAG 토트 백 / 컬러 : Beige / 소재 : 폴리 블랜드 / 세탁법 : 드라이클리닝 권장 제품 상태 : 상품 사진 외 특별한 오염 및 데미지 없는 우수한 상태','가로 48 / 세로 49 / 폭 4','M',32000,null,1,null,2,13,'Y',5);
Insert into OOTD.PRODUCT (PRODUCT_NO,PRODUCT_NAME,PRODUCT_DETAIL,PRODUCT_SIZEINFO,PRODUCT_SIZE,PRODUCT_PRICE,PRODUCT_STOCK_S,PRODUCT_STOCK_M,PRODUCT_STOCK_L,PRODUCT_TYPE,MEMBER_NO,PRODUCT_STATUS,PRODUCT_CATEGORY) values (14,'코튼 헌팅 캡','브랜드 제품명 : OCTAVE OCTAVE 헌팅 캡 / 컬러 : Beige / 소재 : 코튼 / 세탁법 : 드라이클리닝 권장 제품 상태 : 상품 사진 외 특별한 오염 및 데미지 없는 우수한 상태','57-59cm','M',20000,null,1,null,2,14,'Y',4);
Insert into OOTD.PRODUCT (PRODUCT_NO,PRODUCT_NAME,PRODUCT_DETAIL,PRODUCT_SIZEINFO,PRODUCT_SIZE,PRODUCT_PRICE,PRODUCT_STOCK_S,PRODUCT_STOCK_M,PRODUCT_STOCK_L,PRODUCT_TYPE,MEMBER_NO,PRODUCT_STATUS,PRODUCT_CATEGORY) values (15,'코튼 스냅백','브랜드 제품명 : CAPS 스냅백 / 컬러 : Multi / 소재 : 코튼 / 세탁법 : 드라이클리닝 권장 제품 상태 : 상품 사진 외 특별한 오염 및 데미지 없는 우수한 상태','58cm','M',15000,null,0,null,2,15,'Y',4);
Insert into OOTD.PRODUCT (PRODUCT_NO,PRODUCT_NAME,PRODUCT_DETAIL,PRODUCT_SIZEINFO,PRODUCT_SIZE,PRODUCT_PRICE,PRODUCT_STOCK_S,PRODUCT_STOCK_M,PRODUCT_STOCK_L,PRODUCT_TYPE,MEMBER_NO,PRODUCT_STATUS,PRODUCT_CATEGORY) values (51,'Canadian Army Combat Pants - Black','SHELL1 POLYESTER 65% COTTON 35%
SHELL2 POLYESTER 100%','color - black',null,195000,30,29,29,1,39,'Y',2);
Insert into OOTD.PRODUCT (PRODUCT_NO,PRODUCT_NAME,PRODUCT_DETAIL,PRODUCT_SIZEINFO,PRODUCT_SIZE,PRODUCT_PRICE,PRODUCT_STOCK_S,PRODUCT_STOCK_M,PRODUCT_STOCK_L,PRODUCT_TYPE,MEMBER_NO,PRODUCT_STATUS,PRODUCT_CATEGORY) values (52,'Half Pants - Beige','- Brand : Brownyard
- Model : Half Pants
- Color : Beige
- Fabric : Cotton 100%
- Size : 1,2,3

14’s Twil Cotton Fabric
Bio Wash
One Tuck Detail
Over Size Silhouette
Ykk Zipper

고밀도 코튼 소재와 여유 있는 실루엣이 매력적인 하프 팬츠입니다.
바이오 가공처리를 통해 자연스러운 표면을 가지고 있습니다.
앞판에 주름 장식이 있어 볼륨이 있습니다.
여유 있고 편안한 사이즈로 다양한 착용이 가능한 제품입니다.

* 지퍼폴리백 특성상 미량의 파우더 가루가 묻어나올 수 있습니다.','color - beige',null,128000,30,30,30,1,39,'Y',2);
Insert into OOTD.PRODUCT (PRODUCT_NO,PRODUCT_NAME,PRODUCT_DETAIL,PRODUCT_SIZEINFO,PRODUCT_SIZE,PRODUCT_PRICE,PRODUCT_STOCK_S,PRODUCT_STOCK_M,PRODUCT_STOCK_L,PRODUCT_TYPE,MEMBER_NO,PRODUCT_STATUS,PRODUCT_CATEGORY) values (49,'Pet Club Cotton S/S Tee - Charcoal','신축성 있는 코튼소재로 제작된 반팔 티셔츠 입니다.
피그먼트 다잉 원단이 사용되었고 여유로운 핏입니다.
제품 앞면에 THEOPEN PRODUCT 펫클럽 시리즈의 강아지 그래픽과 자수가 있습니다.

100% COTTON','Color - black',null,78000,100,100,100,1,39,'Y',1);
Insert into OOTD.PRODUCT (PRODUCT_NO,PRODUCT_NAME,PRODUCT_DETAIL,PRODUCT_SIZEINFO,PRODUCT_SIZE,PRODUCT_PRICE,PRODUCT_STOCK_S,PRODUCT_STOCK_M,PRODUCT_STOCK_L,PRODUCT_TYPE,MEMBER_NO,PRODUCT_STATUS,PRODUCT_CATEGORY) values (53,'M990V5 - White','뉴발란스의 상징적인 모델인 990의 V5 모델 입니다.
990시리즈의 5세대 모델로서 기능, 디자인적인 면에서 시간에 따라 변화를 겪어온 제품입니다.
뉴발란스가 처음 출시할 당시, 1000점 만점에 990점을 매겨 모델명을 지은 일화에서 알 수 있듯, 전체적인 완성도가 높은 제품입니다.

990 모델의 본질인 최상의 편안함은 유지하며 실루엣은 더욱 모던하고간결합니다.
측면에는 TPU 파워스트랩을 장착하여 퍼포먼스적 무드를 더했고 어퍼와 미드솔의 절개선이 간결해지며 미니멀해졌습니다. 쿠셔닝과 충격흡수가 뛰어난 뉴발란스 테크놀로지인 엔캡과 애브조브 미드솔을 사용하였고, 오솔라이트 PU 인솔을 사용하여 기능적으로도 업그레이드 되었습니다.

소재
- 겉감 : 천연가죽,텍스타일,PU
- 아웃솔 : Rubber + Eva + PU

원산지 - Made in U.S.A.','color - white',null,239000,100,100,100,1,39,'Y',3);
Insert into OOTD.PRODUCT (PRODUCT_NO,PRODUCT_NAME,PRODUCT_DETAIL,PRODUCT_SIZEINFO,PRODUCT_SIZE,PRODUCT_PRICE,PRODUCT_STOCK_S,PRODUCT_STOCK_M,PRODUCT_STOCK_L,PRODUCT_TYPE,MEMBER_NO,PRODUCT_STATUS,PRODUCT_CATEGORY) values (54,'MT410V5 - Beige','410V5는 편안한 착화감과 트레일 러닝화 특유의 청키한 실루엣으로 끊임없는 사랑 받고 있습니다.
어디에나 어울리는 데일리 슈즈로 착용하기 좋습니다.

• Upper-toe protect : 돌맹이로부터 발을 보호하기 위해 오프로드 주행에 최적화 된 갑피.

• Midsole ACTEVA : 유연성과 쿠셔닝이 우수한 ACTEVA 미드솔이 사용되었으며, 오프로드 주행이 많은 트레일 러닝에 적합하도록 내구성이 강한 Dupont 사의 Engage로 제작되었습니다.

• NB Response 2.0 insole : 러닝 시 반발력을 주는 Response2.0 인솔이 사용되었습니다.

• AT Tread outsole : 오프로드 주행과, 바위에서 미끄러지지 않도록 내구성과 접지력이 우수한 AT Tread 아웃솔이 사용되었습니다.

Meterial
- 겉감1 : 합성가죽 100%
- 겉감2 : 폴리에스터 100%
- 안감1 : 폴리에스터 100%','color - Beige',null,89000,10,10,10,1,39,'Y',3);
Insert into OOTD.PRODUCT (PRODUCT_NO,PRODUCT_NAME,PRODUCT_DETAIL,PRODUCT_SIZEINFO,PRODUCT_SIZE,PRODUCT_PRICE,PRODUCT_STOCK_S,PRODUCT_STOCK_M,PRODUCT_STOCK_L,PRODUCT_TYPE,MEMBER_NO,PRODUCT_STATUS,PRODUCT_CATEGORY) values (55,'Funk Ball Cap - Black','- Fabric : Cotton 100%
* Made in Korea.','- Color: White(Black)
- Size: Free',null,39000,0,100,0,1,39,'Y',4);
Insert into OOTD.PRODUCT (PRODUCT_NO,PRODUCT_NAME,PRODUCT_DETAIL,PRODUCT_SIZEINFO,PRODUCT_SIZE,PRODUCT_PRICE,PRODUCT_STOCK_S,PRODUCT_STOCK_M,PRODUCT_STOCK_L,PRODUCT_TYPE,MEMBER_NO,PRODUCT_STATUS,PRODUCT_CATEGORY) values (56,'Denim Bucket Hat - Black','7수 면 데님 소재의 6패널 버킷 햇 입니다. 가먼트 워싱 가공을 하였으며 측면에 포인트 라벨이 있습니다.','color - black
',null,49000,0,99,0,1,39,'Y',4);
Insert into OOTD.PRODUCT (PRODUCT_NO,PRODUCT_NAME,PRODUCT_DETAIL,PRODUCT_SIZEINFO,PRODUCT_SIZE,PRODUCT_PRICE,PRODUCT_STOCK_S,PRODUCT_STOCK_M,PRODUCT_STOCK_L,PRODUCT_TYPE,MEMBER_NO,PRODUCT_STATUS,PRODUCT_CATEGORY) values (57,'LMC OG CANVAS ECO BAG navy','Fabric : Cotton 100%
Manufacturer : LAYER. co,. ltd / Made in Korea','Color : Navy
Size : One Size',null,27300,0,96,0,1,39,'Y',5);
Insert into OOTD.PRODUCT (PRODUCT_NO,PRODUCT_NAME,PRODUCT_DETAIL,PRODUCT_SIZEINFO,PRODUCT_SIZE,PRODUCT_PRICE,PRODUCT_STOCK_S,PRODUCT_STOCK_M,PRODUCT_STOCK_L,PRODUCT_TYPE,MEMBER_NO,PRODUCT_STATUS,PRODUCT_CATEGORY) values (58,'Silky Wrinkled Shirt - Champagne','오버사이즈 핏의 버튼 업 셔츠입니다.
특수 광택 및 주름 가공된 폴리 원단을 사용하였습니다.
한 여름까지 착용가능한 제품입니다.','size - free[M]',null,119000,0,96,0,1,39,'Y',1);
Insert into OOTD.PRODUCT (PRODUCT_NO,PRODUCT_NAME,PRODUCT_DETAIL,PRODUCT_SIZEINFO,PRODUCT_SIZE,PRODUCT_PRICE,PRODUCT_STOCK_S,PRODUCT_STOCK_M,PRODUCT_STOCK_L,PRODUCT_TYPE,MEMBER_NO,PRODUCT_STATUS,PRODUCT_CATEGORY) values (59,'String Tote Bag - Military Frame','Medicom Toy Fabrick은 ''생활을 즐겁게''를 컨셉으로 탄생한 텍스타일 브랜드 입니다.
have a good time과 협업하여 제작된 제품 입니다.','-',null,165000,0,99,0,1,39,'Y',5);
Insert into OOTD.PRODUCT (PRODUCT_NO,PRODUCT_NAME,PRODUCT_DETAIL,PRODUCT_SIZEINFO,PRODUCT_SIZE,PRODUCT_PRICE,PRODUCT_STOCK_S,PRODUCT_STOCK_M,PRODUCT_STOCK_L,PRODUCT_TYPE,MEMBER_NO,PRODUCT_STATUS,PRODUCT_CATEGORY) values (60,'Keep Green and Clean Ballcap - Ivory','빈티지 워싱된 면 100% 원단을 사용하였습니다.
보통의 볼캡보다 넓은 챙과 깊이가 깊습니다. 푹 눌러쓰기에 좋은 실루엣입니다.
제품 앞,뒤쪽에 시즌 그래픽이 자수로 프린트 되었습니다.
엔티크 버클을 사용하여 빈티지한 느낌을 더하였습니다.

Cotton 100%','color - Ivory / size - free[M]',null,42000,0,100,0,1,39,'Y',4);
Insert into OOTD.PRODUCT (PRODUCT_NO,PRODUCT_NAME,PRODUCT_DETAIL,PRODUCT_SIZEINFO,PRODUCT_SIZE,PRODUCT_PRICE,PRODUCT_STOCK_S,PRODUCT_STOCK_M,PRODUCT_STOCK_L,PRODUCT_TYPE,MEMBER_NO,PRODUCT_STATUS,PRODUCT_CATEGORY) values (61,'[SHIPS]  쉽스 코튼 7부 블라우스 Yellow','제품 정보

브랜드 제품명 : SHIPS 7부 블라우스 / 컬러 : Yellow / 소재 : 코튼 / 세탁법 : 드라이클리닝 권장

제품 상태 : 상품 사진 외 특별한 오염 및 데미지 없는 우수한 상태
            ','실측 사이즈 (cm)

어깨 33 / 가슴 46 / 암홀 20 / 팔길이 46 / 총길이 60','M',28000,0,0,0,2,37,'Y',1);
Insert into OOTD.PRODUCT (PRODUCT_NO,PRODUCT_NAME,PRODUCT_DETAIL,PRODUCT_SIZEINFO,PRODUCT_SIZE,PRODUCT_PRICE,PRODUCT_STOCK_S,PRODUCT_STOCK_M,PRODUCT_STOCK_L,PRODUCT_TYPE,MEMBER_NO,PRODUCT_STATUS,PRODUCT_CATEGORY) values (62,'[KENZO]  겐조 코튼 스커트  Black','제품 정보

브랜드 제품명 : KENZO 스커트 / 컬러 : Black / 소재 : 코튼 / 세탁법 : 드라이클리닝 권장

제품 상태 : 상품 사진 외 특별한 오염 및 데미지 없는 우수한 상태
            ','실측 사이즈 (cm)

허리 28(22inch) / 힙 55 / 총기장 52','M',40000,0,1,0,2,37,'Y',2);
Insert into OOTD.PRODUCT (PRODUCT_NO,PRODUCT_NAME,PRODUCT_DETAIL,PRODUCT_SIZEINFO,PRODUCT_SIZE,PRODUCT_PRICE,PRODUCT_STOCK_S,PRODUCT_STOCK_M,PRODUCT_STOCK_L,PRODUCT_TYPE,MEMBER_NO,PRODUCT_STATUS,PRODUCT_CATEGORY) values (63,'[PRADA]  프라다 나일론 블랜드 숄더 백 ','브랜드 제품명 : PRADA 숄더 백 / 컬러 : Gray / 생산국 : ITALY / 소재 : 나일론 블랜드 / 세탁법 : 드라이클리닝 권장

제품 상태 : 상품 사진 외 특별한 오염 및 데미지 없는 우수한 상태
 
/  made in ITALY  ','Gray / 가로 28 / 세로 23 / 폭 6','M',128000,0,1,0,2,37,'Y',5);
Insert into OOTD.PRODUCT (PRODUCT_NO,PRODUCT_NAME,PRODUCT_DETAIL,PRODUCT_SIZEINFO,PRODUCT_SIZE,PRODUCT_PRICE,PRODUCT_STOCK_S,PRODUCT_STOCK_M,PRODUCT_STOCK_L,PRODUCT_TYPE,MEMBER_NO,PRODUCT_STATUS,PRODUCT_CATEGORY) values (64,'[ANGIOLO FRASCONI]  린넨 블랜드 버킷 햇 ','브랜드 제품명 : ANGIOLO FRASCONI 버킷 햇 / 컬러 : Multi / 생산국 : ITALY / 소재 : 린넨 블랜드 / 세탁법 : 드라이클리닝 권장

제품 상태 : 상품 사진 외 특별한 오염 및 데미지 없는 우수한 상태','Free','M',30000,0,0,0,2,37,'Y',4);
Insert into OOTD.PRODUCT (PRODUCT_NO,PRODUCT_NAME,PRODUCT_DETAIL,PRODUCT_SIZEINFO,PRODUCT_SIZE,PRODUCT_PRICE,PRODUCT_STOCK_S,PRODUCT_STOCK_M,PRODUCT_STOCK_L,PRODUCT_TYPE,MEMBER_NO,PRODUCT_STATUS,PRODUCT_CATEGORY) values (65,'[QALB]  코튼 블랜드 볼캡 Sky Blue','브랜드 제품명 : QALB 볼캡 / 컬러 : Sky Blue / 소재 : 코튼 블랜드 / 세탁법 : 드라이클리닝 권장

제품 상태 : 상품 사진 외 특별한 오염 및 데미지 없는 우수한 상태','color - Sky Blue','M',15000,0,1,0,2,37,'Y',4);
Insert into OOTD.PRODUCT (PRODUCT_NO,PRODUCT_NAME,PRODUCT_DETAIL,PRODUCT_SIZEINFO,PRODUCT_SIZE,PRODUCT_PRICE,PRODUCT_STOCK_S,PRODUCT_STOCK_M,PRODUCT_STOCK_L,PRODUCT_TYPE,MEMBER_NO,PRODUCT_STATUS,PRODUCT_CATEGORY) values (66,'[JILLSTUART]  질스튜어트 실크 블랜드 반팔 블라우스 ','브랜드 제품명 : JILLSTUART 반팔 블라우스 / 컬러 : Multi / 소재 : 실크 블랜드 / 세탁법 : 드라이클리닝 권장

제품 상태 : 상품 사진 외 특별한 오염 및 데미지 없는 우수한 상태
            ','size - s /
어깨 36 / 가슴 44 / 암홀 21 / 팔길이 18 / 총길이 52','S',48000,0,0,0,2,37,'Y',1);
Insert into OOTD.PRODUCT (PRODUCT_NO,PRODUCT_NAME,PRODUCT_DETAIL,PRODUCT_SIZEINFO,PRODUCT_SIZE,PRODUCT_PRICE,PRODUCT_STOCK_S,PRODUCT_STOCK_M,PRODUCT_STOCK_L,PRODUCT_TYPE,MEMBER_NO,PRODUCT_STATUS,PRODUCT_CATEGORY) values (67,'흰티','브랜드 :저기
구매가 :ㅇ
구매장소 : 뭐
구입시기 : 12323131234
착용 횟수 :121231
상태 : 12312
특이사항 : 312312
상품 링크 : 312
            ','몰라','L',12321321,1,0,0,2,37,'Y',2);
Insert into OOTD.PRODUCT (PRODUCT_NO,PRODUCT_NAME,PRODUCT_DETAIL,PRODUCT_SIZEINFO,PRODUCT_SIZE,PRODUCT_PRICE,PRODUCT_STOCK_S,PRODUCT_STOCK_M,PRODUCT_STOCK_L,PRODUCT_TYPE,MEMBER_NO,PRODUCT_STATUS,PRODUCT_CATEGORY) values (68,'Y.E.S Reversible Jaquard Bag - Black/Brown','
Cotton 80%
Polyester 20%','One Size(cm)
41 X 38',null,65000,0,1,50,1,39,'N',5);
Insert into OOTD.PRODUCT (PRODUCT_NO,PRODUCT_NAME,PRODUCT_DETAIL,PRODUCT_SIZEINFO,PRODUCT_SIZE,PRODUCT_PRICE,PRODUCT_STOCK_S,PRODUCT_STOCK_M,PRODUCT_STOCK_L,PRODUCT_TYPE,MEMBER_NO,PRODUCT_STATUS,PRODUCT_CATEGORY) values (69,'흰색티입니','브랜드 :누가만들었
구매가 :999999
구매장소 : 집
구입시기 : 2021
착용 횟수 :342
상태 : 23423
특이사항 : 4234
상품 링크 : 234
            ','m ,red','M',999999,1,0,0,2,37,'N',1);
Insert into OOTD.PRODUCT (PRODUCT_NO,PRODUCT_NAME,PRODUCT_DETAIL,PRODUCT_SIZEINFO,PRODUCT_SIZE,PRODUCT_PRICE,PRODUCT_STOCK_S,PRODUCT_STOCK_M,PRODUCT_STOCK_L,PRODUCT_TYPE,MEMBER_NO,PRODUCT_STATUS,PRODUCT_CATEGORY) values (70,'상품등록 테스트','냉용','수정후',null,25000,0,0,50,1,39,'Y',4);
Insert into OOTD.PRODUCT (PRODUCT_NO,PRODUCT_NAME,PRODUCT_DETAIL,PRODUCT_SIZEINFO,PRODUCT_SIZE,PRODUCT_PRICE,PRODUCT_STOCK_S,PRODUCT_STOCK_M,PRODUCT_STOCK_L,PRODUCT_TYPE,MEMBER_NO,PRODUCT_STATUS,PRODUCT_CATEGORY) values (71,'ㅅㄷㄴ','브랜드 :123
구매가 :123
구매장소 : 123
구입시기 : 
착용 횟수 :
상태 : 
특이사항 : 
상품 링크 : 
            ','123','S',123,1,0,0,2,37,'Y',1);
REM INSERTING into OOTD.PURCHASE
SET DEFINE OFF;
Insert into OOTD.PURCHASE (ORDER_NO,PURCHASE_STATUS,MEMBER_NO) values (407,3,37);
Insert into OOTD.PURCHASE (ORDER_NO,PURCHASE_STATUS,MEMBER_NO) values (408,3,37);
Insert into OOTD.PURCHASE (ORDER_NO,PURCHASE_STATUS,MEMBER_NO) values (409,1,37);
Insert into OOTD.PURCHASE (ORDER_NO,PURCHASE_STATUS,MEMBER_NO) values (392,1,26);
Insert into OOTD.PURCHASE (ORDER_NO,PURCHASE_STATUS,MEMBER_NO) values (393,3,26);
Insert into OOTD.PURCHASE (ORDER_NO,PURCHASE_STATUS,MEMBER_NO) values (394,3,26);
Insert into OOTD.PURCHASE (ORDER_NO,PURCHASE_STATUS,MEMBER_NO) values (395,1,26);
Insert into OOTD.PURCHASE (ORDER_NO,PURCHASE_STATUS,MEMBER_NO) values (396,1,26);
Insert into OOTD.PURCHASE (ORDER_NO,PURCHASE_STATUS,MEMBER_NO) values (397,1,26);
Insert into OOTD.PURCHASE (ORDER_NO,PURCHASE_STATUS,MEMBER_NO) values (410,2,37);
Insert into OOTD.PURCHASE (ORDER_NO,PURCHASE_STATUS,MEMBER_NO) values (399,1,26);
Insert into OOTD.PURCHASE (ORDER_NO,PURCHASE_STATUS,MEMBER_NO) values (400,1,26);
Insert into OOTD.PURCHASE (ORDER_NO,PURCHASE_STATUS,MEMBER_NO) values (401,3,26);
Insert into OOTD.PURCHASE (ORDER_NO,PURCHASE_STATUS,MEMBER_NO) values (402,3,26);
Insert into OOTD.PURCHASE (ORDER_NO,PURCHASE_STATUS,MEMBER_NO) values (411,2,37);
Insert into OOTD.PURCHASE (ORDER_NO,PURCHASE_STATUS,MEMBER_NO) values (412,3,37);
Insert into OOTD.PURCHASE (ORDER_NO,PURCHASE_STATUS,MEMBER_NO) values (406,1,37);
REM INSERTING into OOTD.REVIEW
SET DEFINE OFF;
Insert into OOTD.REVIEW (REVIEW_NO,REVIEW_CONTENTS,REVIEW_DATE,REVIEW_TITLE,MEMBER_NO,PRODUCT_NO,ORDER_NO) values (1,'수박먹고싶네?수박먹고싶네?수박먹고싶네?수박먹고싶네?수박먹고싶네?수박먹고싶네?수박먹고싶네?수박먹고싶네?수박먹고싶네?수박먹고싶네?수박먹고싶네?수박먹고싶네?수박먹고싶네?수박먹고싶네?수박먹고싶네?수박먹고싶네?수박먹고싶네?수박먹고싶네?수박먹고싶네?수박먹고싶네?수박먹고싶네?수박먹고싶네?수박먹고싶네?수박먹고싶네?수박먹고싶네?수박먹고싶네?수박먹고싶네?수박먹고싶네?수박먹고싶네?수박먹고싶네?수박먹고싶네?수박먹고싶네?수박먹고싶네?수박먹고싶네?',to_date('21/06/22','RR/MM/DD'),'수박먹고싶네',26,5,394);
Insert into OOTD.REVIEW (REVIEW_NO,REVIEW_CONTENTS,REVIEW_DATE,REVIEW_TITLE,MEMBER_NO,PRODUCT_NO,ORDER_NO) values (23,'당근하실분',to_date('21/06/23','RR/MM/DD'),'친구 선물줬는데 안 갖겠대요',37,64,407);
Insert into OOTD.REVIEW (REVIEW_NO,REVIEW_CONTENTS,REVIEW_DATE,REVIEW_TITLE,MEMBER_NO,PRODUCT_NO,ORDER_NO) values (21,'밀리터리 장바구니 짱',to_date('21/06/23','RR/MM/DD'),'장바구니로 좋아요',37,59,408);
Insert into OOTD.REVIEW (REVIEW_NO,REVIEW_CONTENTS,REVIEW_DATE,REVIEW_TITLE,MEMBER_NO,PRODUCT_NO,ORDER_NO) values (22,'블랙이 좋은데',to_date('21/06/23','RR/MM/DD'),'검정은 없나요',37,4,408);
Insert into OOTD.REVIEW (REVIEW_NO,REVIEW_CONTENTS,REVIEW_DATE,REVIEW_TITLE,MEMBER_NO,PRODUCT_NO,ORDER_NO) values (24,'목이 다 늘어졌어요',to_date('21/06/23','RR/MM/DD'),'옷이 너무 커요',37,61,407);
Insert into OOTD.REVIEW (REVIEW_NO,REVIEW_CONTENTS,REVIEW_DATE,REVIEW_TITLE,MEMBER_NO,PRODUCT_NO,ORDER_NO) values (25,'또 살래',to_date('21/06/23','RR/MM/DD'),'오 좋아요',37,51,408);
Insert into OOTD.REVIEW (REVIEW_NO,REVIEW_CONTENTS,REVIEW_DATE,REVIEW_TITLE,MEMBER_NO,PRODUCT_NO,ORDER_NO) values (26,'이게 뭘까?',to_date('21/06/23','RR/MM/DD'),'그냥 그래요',1,1,408);
Insert into OOTD.REVIEW (REVIEW_NO,REVIEW_CONTENTS,REVIEW_DATE,REVIEW_TITLE,MEMBER_NO,PRODUCT_NO,ORDER_NO) values (27,'이게 무어야?',to_date('21/06/23','RR/MM/DD'),'나름 괜찮아요',2,1,408);
Insert into OOTD.REVIEW (REVIEW_NO,REVIEW_CONTENTS,REVIEW_DATE,REVIEW_TITLE,MEMBER_NO,PRODUCT_NO,ORDER_NO) values (28,'이게 뭘까?',to_date('21/06/23','RR/MM/DD'),'그냥 그래요',3,1,408);
Insert into OOTD.REVIEW (REVIEW_NO,REVIEW_CONTENTS,REVIEW_DATE,REVIEW_TITLE,MEMBER_NO,PRODUCT_NO,ORDER_NO) values (29,'이게 무어야?',to_date('21/06/23','RR/MM/DD'),'나름 괜찮아요',4,1,408);
Insert into OOTD.REVIEW (REVIEW_NO,REVIEW_CONTENTS,REVIEW_DATE,REVIEW_TITLE,MEMBER_NO,PRODUCT_NO,ORDER_NO) values (30,'이게 뭘까?',to_date('21/06/23','RR/MM/DD'),'그냥 그래요',5,1,408);
Insert into OOTD.REVIEW (REVIEW_NO,REVIEW_CONTENTS,REVIEW_DATE,REVIEW_TITLE,MEMBER_NO,PRODUCT_NO,ORDER_NO) values (31,'무야호?',to_date('21/06/23','RR/MM/DD'),'나름 괜찮아요',4,1,408);
Insert into OOTD.REVIEW (REVIEW_NO,REVIEW_CONTENTS,REVIEW_DATE,REVIEW_TITLE,MEMBER_NO,PRODUCT_NO,ORDER_NO) values (32,'호호아줌마가 뭐야?',to_date('21/06/23','RR/MM/DD'),'그냥 그래요',5,1,408);
Insert into OOTD.REVIEW (REVIEW_NO,REVIEW_CONTENTS,REVIEW_DATE,REVIEW_TITLE,MEMBER_NO,PRODUCT_NO,ORDER_NO) values (33,'그동안 감사했습니다',to_date('21/06/23','RR/MM/DD'),'다니엘 선생님 짱이에요',37,66,412);
REM INSERTING into OOTD.SALE_LIST
SET DEFINE OFF;
Insert into OOTD.SALE_LIST (ORDER_NO,SALE_STATUS,MEMBER_NO) values (407,1,37);
Insert into OOTD.SALE_LIST (ORDER_NO,SALE_STATUS,MEMBER_NO) values (408,1,37);
Insert into OOTD.SALE_LIST (ORDER_NO,SALE_STATUS,MEMBER_NO) values (409,1,37);
Insert into OOTD.SALE_LIST (ORDER_NO,SALE_STATUS,MEMBER_NO) values (392,1,26);
Insert into OOTD.SALE_LIST (ORDER_NO,SALE_STATUS,MEMBER_NO) values (393,1,26);
Insert into OOTD.SALE_LIST (ORDER_NO,SALE_STATUS,MEMBER_NO) values (394,3,26);
Insert into OOTD.SALE_LIST (ORDER_NO,SALE_STATUS,MEMBER_NO) values (395,1,26);
Insert into OOTD.SALE_LIST (ORDER_NO,SALE_STATUS,MEMBER_NO) values (396,1,26);
Insert into OOTD.SALE_LIST (ORDER_NO,SALE_STATUS,MEMBER_NO) values (397,1,26);
Insert into OOTD.SALE_LIST (ORDER_NO,SALE_STATUS,MEMBER_NO) values (410,1,37);
Insert into OOTD.SALE_LIST (ORDER_NO,SALE_STATUS,MEMBER_NO) values (399,1,26);
Insert into OOTD.SALE_LIST (ORDER_NO,SALE_STATUS,MEMBER_NO) values (400,1,26);
Insert into OOTD.SALE_LIST (ORDER_NO,SALE_STATUS,MEMBER_NO) values (401,1,26);
Insert into OOTD.SALE_LIST (ORDER_NO,SALE_STATUS,MEMBER_NO) values (402,1,26);
Insert into OOTD.SALE_LIST (ORDER_NO,SALE_STATUS,MEMBER_NO) values (411,1,37);
Insert into OOTD.SALE_LIST (ORDER_NO,SALE_STATUS,MEMBER_NO) values (412,1,37);
Insert into OOTD.SALE_LIST (ORDER_NO,SALE_STATUS,MEMBER_NO) values (406,1,37);
--------------------------------------------------------
--  DDL for Index PK_ATTACHMENT
--------------------------------------------------------

  CREATE UNIQUE INDEX "OOTD"."PK_ATTACHMENT" ON "OOTD"."ATTACHMENT" ("ATT_NO") 
  PCTFREE 10 INITRANS 2 MAXTRANS 255 COMPUTE STATISTICS 
  STORAGE(INITIAL 65536 NEXT 1048576 MINEXTENTS 1 MAXEXTENTS 2147483645
  PCTINCREASE 0 FREELISTS 1 FREELIST GROUPS 1 BUFFER_POOL DEFAULT FLASH_CACHE DEFAULT CELL_FLASH_CACHE DEFAULT)
  TABLESPACE "SYSTEM" ;
--------------------------------------------------------
--  DDL for Index PK_BANK
--------------------------------------------------------

  CREATE UNIQUE INDEX "OOTD"."PK_BANK" ON "OOTD"."BANK" ("BANK_CODE") 
  PCTFREE 10 INITRANS 2 MAXTRANS 255 COMPUTE STATISTICS 
  STORAGE(INITIAL 65536 NEXT 1048576 MINEXTENTS 1 MAXEXTENTS 2147483645
  PCTINCREASE 0 FREELISTS 1 FREELIST GROUPS 1 BUFFER_POOL DEFAULT FLASH_CACHE DEFAULT CELL_FLASH_CACHE DEFAULT)
  TABLESPACE "SYSTEM" ;
--------------------------------------------------------
--  DDL for Index SYS_C0011046
--------------------------------------------------------

  CREATE UNIQUE INDEX "OOTD"."SYS_C0011046" ON "OOTD"."BANK" ("BANK_NAME") 
  PCTFREE 10 INITRANS 2 MAXTRANS 255 COMPUTE STATISTICS 
  STORAGE(INITIAL 65536 NEXT 1048576 MINEXTENTS 1 MAXEXTENTS 2147483645
  PCTINCREASE 0 FREELISTS 1 FREELIST GROUPS 1 BUFFER_POOL DEFAULT FLASH_CACHE DEFAULT CELL_FLASH_CACHE DEFAULT)
  TABLESPACE "SYSTEM" ;
--------------------------------------------------------
--  DDL for Index PK_CART
--------------------------------------------------------

  CREATE UNIQUE INDEX "OOTD"."PK_CART" ON "OOTD"."CART" ("CART_NO") 
  PCTFREE 10 INITRANS 2 MAXTRANS 255 COMPUTE STATISTICS 
  STORAGE(INITIAL 65536 NEXT 1048576 MINEXTENTS 1 MAXEXTENTS 2147483645
  PCTINCREASE 0 FREELISTS 1 FREELIST GROUPS 1 BUFFER_POOL DEFAULT FLASH_CACHE DEFAULT CELL_FLASH_CACHE DEFAULT)
  TABLESPACE "SYSTEM" ;
--------------------------------------------------------
--  DDL for Index PK_MEMBER
--------------------------------------------------------

  CREATE UNIQUE INDEX "OOTD"."PK_MEMBER" ON "OOTD"."MEMBER" ("MEMBER_NO") 
  PCTFREE 10 INITRANS 2 MAXTRANS 255 COMPUTE STATISTICS 
  STORAGE(INITIAL 65536 NEXT 1048576 MINEXTENTS 1 MAXEXTENTS 2147483645
  PCTINCREASE 0 FREELISTS 1 FREELIST GROUPS 1 BUFFER_POOL DEFAULT FLASH_CACHE DEFAULT CELL_FLASH_CACHE DEFAULT)
  TABLESPACE "SYSTEM" ;
--------------------------------------------------------
--  DDL for Index SYS_C0011057
--------------------------------------------------------

  CREATE UNIQUE INDEX "OOTD"."SYS_C0011057" ON "OOTD"."MEMBER" ("MEMBER_ID") 
  PCTFREE 10 INITRANS 2 MAXTRANS 255 COMPUTE STATISTICS 
  STORAGE(INITIAL 65536 NEXT 1048576 MINEXTENTS 1 MAXEXTENTS 2147483645
  PCTINCREASE 0 FREELISTS 1 FREELIST GROUPS 1 BUFFER_POOL DEFAULT FLASH_CACHE DEFAULT CELL_FLASH_CACHE DEFAULT)
  TABLESPACE "SYSTEM" ;
--------------------------------------------------------
--  DDL for Index SYS_C0011058
--------------------------------------------------------

  CREATE UNIQUE INDEX "OOTD"."SYS_C0011058" ON "OOTD"."MEMBER" ("MEMBER_NICKNAME") 
  PCTFREE 10 INITRANS 2 MAXTRANS 255 COMPUTE STATISTICS 
  STORAGE(INITIAL 65536 NEXT 1048576 MINEXTENTS 1 MAXEXTENTS 2147483645
  PCTINCREASE 0 FREELISTS 1 FREELIST GROUPS 1 BUFFER_POOL DEFAULT FLASH_CACHE DEFAULT CELL_FLASH_CACHE DEFAULT)
  TABLESPACE "SYSTEM" ;
--------------------------------------------------------
--  DDL for Index SYS_C0011059
--------------------------------------------------------

  CREATE UNIQUE INDEX "OOTD"."SYS_C0011059" ON "OOTD"."MEMBER" ("MEMBER_PW") 
  PCTFREE 10 INITRANS 2 MAXTRANS 255 COMPUTE STATISTICS 
  STORAGE(INITIAL 65536 NEXT 1048576 MINEXTENTS 1 MAXEXTENTS 2147483645
  PCTINCREASE 0 FREELISTS 1 FREELIST GROUPS 1 BUFFER_POOL DEFAULT FLASH_CACHE DEFAULT CELL_FLASH_CACHE DEFAULT)
  TABLESPACE "SYSTEM" ;
--------------------------------------------------------
--  DDL for Index SYS_C0011060
--------------------------------------------------------

  CREATE UNIQUE INDEX "OOTD"."SYS_C0011060" ON "OOTD"."MEMBER" ("EMAIL") 
  PCTFREE 10 INITRANS 2 MAXTRANS 255 COMPUTE STATISTICS 
  STORAGE(INITIAL 65536 NEXT 1048576 MINEXTENTS 1 MAXEXTENTS 2147483645
  PCTINCREASE 0 FREELISTS 1 FREELIST GROUPS 1 BUFFER_POOL DEFAULT FLASH_CACHE DEFAULT CELL_FLASH_CACHE DEFAULT)
  TABLESPACE "SYSTEM" ;
--------------------------------------------------------
--  DDL for Index SYS_C0011061
--------------------------------------------------------

  CREATE UNIQUE INDEX "OOTD"."SYS_C0011061" ON "OOTD"."MEMBER" ("PHONE") 
  PCTFREE 10 INITRANS 2 MAXTRANS 255 COMPUTE STATISTICS 
  STORAGE(INITIAL 65536 NEXT 1048576 MINEXTENTS 1 MAXEXTENTS 2147483645
  PCTINCREASE 0 FREELISTS 1 FREELIST GROUPS 1 BUFFER_POOL DEFAULT FLASH_CACHE DEFAULT CELL_FLASH_CACHE DEFAULT)
  TABLESPACE "SYSTEM" ;
--------------------------------------------------------
--  DDL for Index SYS_C0011062
--------------------------------------------------------

  CREATE UNIQUE INDEX "OOTD"."SYS_C0011062" ON "OOTD"."MEMBER" ("ACCOUNT_NUMBER") 
  PCTFREE 10 INITRANS 2 MAXTRANS 255 COMPUTE STATISTICS 
  STORAGE(INITIAL 65536 NEXT 1048576 MINEXTENTS 1 MAXEXTENTS 2147483645
  PCTINCREASE 0 FREELISTS 1 FREELIST GROUPS 1 BUFFER_POOL DEFAULT FLASH_CACHE DEFAULT CELL_FLASH_CACHE DEFAULT)
  TABLESPACE "SYSTEM" ;
--------------------------------------------------------
--  DDL for Index PK_ORDER
--------------------------------------------------------

  CREATE UNIQUE INDEX "OOTD"."PK_ORDER" ON "OOTD"."O_ORDER" ("ORDER_NO") 
  PCTFREE 10 INITRANS 2 MAXTRANS 255 COMPUTE STATISTICS 
  STORAGE(INITIAL 65536 NEXT 1048576 MINEXTENTS 1 MAXEXTENTS 2147483645
  PCTINCREASE 0 FREELISTS 1 FREELIST GROUPS 1 BUFFER_POOL DEFAULT FLASH_CACHE DEFAULT CELL_FLASH_CACHE DEFAULT)
  TABLESPACE "SYSTEM" ;
--------------------------------------------------------
--  DDL for Index PK_PRODUCT
--------------------------------------------------------

  CREATE UNIQUE INDEX "OOTD"."PK_PRODUCT" ON "OOTD"."PRODUCT" ("PRODUCT_NO") 
  PCTFREE 10 INITRANS 2 MAXTRANS 255 COMPUTE STATISTICS 
  STORAGE(INITIAL 65536 NEXT 1048576 MINEXTENTS 1 MAXEXTENTS 2147483645
  PCTINCREASE 0 FREELISTS 1 FREELIST GROUPS 1 BUFFER_POOL DEFAULT FLASH_CACHE DEFAULT CELL_FLASH_CACHE DEFAULT)
  TABLESPACE "SYSTEM" ;
--------------------------------------------------------
--  DDL for Index SYS_C0011075
--------------------------------------------------------

  CREATE UNIQUE INDEX "OOTD"."SYS_C0011075" ON "OOTD"."PRODUCT" ("PRODUCT_NAME") 
  PCTFREE 10 INITRANS 2 MAXTRANS 255 COMPUTE STATISTICS 
  STORAGE(INITIAL 65536 NEXT 1048576 MINEXTENTS 1 MAXEXTENTS 2147483645
  PCTINCREASE 0 FREELISTS 1 FREELIST GROUPS 1 BUFFER_POOL DEFAULT FLASH_CACHE DEFAULT CELL_FLASH_CACHE DEFAULT)
  TABLESPACE "SYSTEM" ;
--------------------------------------------------------
--  DDL for Index PK_PURCHASE
--------------------------------------------------------

  CREATE UNIQUE INDEX "OOTD"."PK_PURCHASE" ON "OOTD"."PURCHASE" ("ORDER_NO") 
  PCTFREE 10 INITRANS 2 MAXTRANS 255 COMPUTE STATISTICS 
  STORAGE(INITIAL 65536 NEXT 1048576 MINEXTENTS 1 MAXEXTENTS 2147483645
  PCTINCREASE 0 FREELISTS 1 FREELIST GROUPS 1 BUFFER_POOL DEFAULT FLASH_CACHE DEFAULT CELL_FLASH_CACHE DEFAULT)
  TABLESPACE "SYSTEM" ;
--------------------------------------------------------
--  DDL for Index PK_REVIEW
--------------------------------------------------------

  CREATE UNIQUE INDEX "OOTD"."PK_REVIEW" ON "OOTD"."REVIEW" ("REVIEW_NO") 
  PCTFREE 10 INITRANS 2 MAXTRANS 255 COMPUTE STATISTICS 
  STORAGE(INITIAL 65536 NEXT 1048576 MINEXTENTS 1 MAXEXTENTS 2147483645
  PCTINCREASE 0 FREELISTS 1 FREELIST GROUPS 1 BUFFER_POOL DEFAULT FLASH_CACHE DEFAULT CELL_FLASH_CACHE DEFAULT)
  TABLESPACE "SYSTEM" ;
--------------------------------------------------------
--  DDL for Index PK_SALE_LIST
--------------------------------------------------------

  CREATE UNIQUE INDEX "OOTD"."PK_SALE_LIST" ON "OOTD"."SALE_LIST" ("ORDER_NO") 
  PCTFREE 10 INITRANS 2 MAXTRANS 255 COMPUTE STATISTICS 
  STORAGE(INITIAL 65536 NEXT 1048576 MINEXTENTS 1 MAXEXTENTS 2147483645
  PCTINCREASE 0 FREELISTS 1 FREELIST GROUPS 1 BUFFER_POOL DEFAULT FLASH_CACHE DEFAULT CELL_FLASH_CACHE DEFAULT)
  TABLESPACE "SYSTEM" ;
--------------------------------------------------------
--  DDL for Trigger TRG_PRODUCT_STOCK
--------------------------------------------------------

  CREATE OR REPLACE TRIGGER "OOTD"."TRG_PRODUCT_STOCK" 
AFTER INSERT
ON O_ORDER_LIST
FOR EACH ROW
    BEGIN
        IF :NEW.ORDER_SIZE = 'S'
        THEN 
            UPDATE PRODUCT
            SET PRODUCT_STOCK_S = 
            CASE 
                WHEN PRODUCT_STOCK_S - :NEW.ORDER_QUANTITY < 0 THEN 0
                WHEN PRODUCT_STOCK_S - :NEW.ORDER_QUANTITY >= 0 THEN PRODUCT_STOCK_S - :NEW.ORDER_QUANTITY
            END
            WHERE PRODUCT_NO = :NEW.PRODUCT_NO;
        END IF;
        IF :NEW.ORDER_SIZE = 'M' 
        THEN 
            UPDATE PRODUCT
            SET PRODUCT_STOCK_M = 
            CASE 
                WHEN PRODUCT_STOCK_M - :NEW.ORDER_QUANTITY < 0 THEN 0
                WHEN PRODUCT_STOCK_M - :NEW.ORDER_QUANTITY >= 0 THEN PRODUCT_STOCK_M - :NEW.ORDER_QUANTITY
            END
            WHERE PRODUCT_NO = :NEW.PRODUCT_NO;
        END IF;
        IF :NEW.ORDER_SIZE = 'L' 
        THEN 
            UPDATE PRODUCT
            SET PRODUCT_STOCK_L = 
            CASE 
                WHEN PRODUCT_STOCK_L - :NEW.ORDER_QUANTITY < 0 THEN 0
                WHEN PRODUCT_STOCK_L - :NEW.ORDER_QUANTITY >= 0 THEN PRODUCT_STOCK_L - :NEW.ORDER_QUANTITY
            END
            WHERE PRODUCT_NO = :NEW.PRODUCT_NO;
        END IF;
    END;

/
ALTER TRIGGER "OOTD"."TRG_PRODUCT_STOCK" ENABLE;
--------------------------------------------------------
--  DDL for Trigger TRG_ORDER_STATUS_REVIEW
--------------------------------------------------------

  CREATE OR REPLACE TRIGGER "OOTD"."TRG_ORDER_STATUS_REVIEW" 
AFTER INSERT
ON REVIEW
FOR EACH ROW
    BEGIN
        UPDATE O_ORDER_LIST
        SET ORDER_STATUS = 4
        WHERE :NEW.PRODUCT_NO = PRODUCT_NO
        AND :NEW.ORDER_NO = ORDER_NO;
    END;

/
ALTER TRIGGER "OOTD"."TRG_ORDER_STATUS_REVIEW" ENABLE;
--------------------------------------------------------
--  Constraints for Table ATTACHMENT
--------------------------------------------------------

  ALTER TABLE "OOTD"."ATTACHMENT" ADD CONSTRAINT "PK_ATTACHMENT" PRIMARY KEY ("ATT_NO")
  USING INDEX PCTFREE 10 INITRANS 2 MAXTRANS 255 COMPUTE STATISTICS 
  STORAGE(INITIAL 65536 NEXT 1048576 MINEXTENTS 1 MAXEXTENTS 2147483645
  PCTINCREASE 0 FREELISTS 1 FREELIST GROUPS 1 BUFFER_POOL DEFAULT FLASH_CACHE DEFAULT CELL_FLASH_CACHE DEFAULT)
  TABLESPACE "SYSTEM"  ENABLE;
  ALTER TABLE "OOTD"."ATTACHMENT" ADD CHECK (ATT_STATUS IN('Y','N')) ENABLE;
  ALTER TABLE "OOTD"."ATTACHMENT" ADD CONSTRAINT "SYS_C009443" CHECK (ATT_LEVEL IN('1','2','3','4')) ENABLE;
  ALTER TABLE "OOTD"."ATTACHMENT" MODIFY ("PRODUCT_NO" NOT NULL ENABLE);
  ALTER TABLE "OOTD"."ATTACHMENT" MODIFY ("ATT_STATUS" NOT NULL ENABLE);
  ALTER TABLE "OOTD"."ATTACHMENT" MODIFY ("ATT_NAME" NOT NULL ENABLE);
--------------------------------------------------------
--  Constraints for Table BANK
--------------------------------------------------------

  ALTER TABLE "OOTD"."BANK" ADD UNIQUE ("BANK_NAME")
  USING INDEX PCTFREE 10 INITRANS 2 MAXTRANS 255 COMPUTE STATISTICS 
  STORAGE(INITIAL 65536 NEXT 1048576 MINEXTENTS 1 MAXEXTENTS 2147483645
  PCTINCREASE 0 FREELISTS 1 FREELIST GROUPS 1 BUFFER_POOL DEFAULT FLASH_CACHE DEFAULT CELL_FLASH_CACHE DEFAULT)
  TABLESPACE "SYSTEM"  ENABLE;
  ALTER TABLE "OOTD"."BANK" ADD CONSTRAINT "PK_BANK" PRIMARY KEY ("BANK_CODE")
  USING INDEX PCTFREE 10 INITRANS 2 MAXTRANS 255 COMPUTE STATISTICS 
  STORAGE(INITIAL 65536 NEXT 1048576 MINEXTENTS 1 MAXEXTENTS 2147483645
  PCTINCREASE 0 FREELISTS 1 FREELIST GROUPS 1 BUFFER_POOL DEFAULT FLASH_CACHE DEFAULT CELL_FLASH_CACHE DEFAULT)
  TABLESPACE "SYSTEM"  ENABLE;
  ALTER TABLE "OOTD"."BANK" MODIFY ("BANK_NAME" NOT NULL ENABLE);
--------------------------------------------------------
--  Constraints for Table CART
--------------------------------------------------------

  ALTER TABLE "OOTD"."CART" ADD CONSTRAINT "PK_CART" PRIMARY KEY ("CART_NO")
  USING INDEX PCTFREE 10 INITRANS 2 MAXTRANS 255 COMPUTE STATISTICS 
  STORAGE(INITIAL 65536 NEXT 1048576 MINEXTENTS 1 MAXEXTENTS 2147483645
  PCTINCREASE 0 FREELISTS 1 FREELIST GROUPS 1 BUFFER_POOL DEFAULT FLASH_CACHE DEFAULT CELL_FLASH_CACHE DEFAULT)
  TABLESPACE "SYSTEM"  ENABLE;
  ALTER TABLE "OOTD"."CART" ADD CHECK (CART_SIZE IN('S','M','L')) ENABLE;
  ALTER TABLE "OOTD"."CART" MODIFY ("PRODUCT_NO" NOT NULL ENABLE);
  ALTER TABLE "OOTD"."CART" MODIFY ("CART_SIZE" NOT NULL ENABLE);
  ALTER TABLE "OOTD"."CART" MODIFY ("MEMBER_NO" NOT NULL ENABLE);
--------------------------------------------------------
--  Constraints for Table MEMBER
--------------------------------------------------------

  ALTER TABLE "OOTD"."MEMBER" ADD UNIQUE ("EMAIL")
  USING INDEX PCTFREE 10 INITRANS 2 MAXTRANS 255 COMPUTE STATISTICS 
  STORAGE(INITIAL 65536 NEXT 1048576 MINEXTENTS 1 MAXEXTENTS 2147483645
  PCTINCREASE 0 FREELISTS 1 FREELIST GROUPS 1 BUFFER_POOL DEFAULT FLASH_CACHE DEFAULT CELL_FLASH_CACHE DEFAULT)
  TABLESPACE "SYSTEM"  ENABLE;
  ALTER TABLE "OOTD"."MEMBER" ADD UNIQUE ("MEMBER_NICKNAME")
  USING INDEX PCTFREE 10 INITRANS 2 MAXTRANS 255 COMPUTE STATISTICS 
  STORAGE(INITIAL 65536 NEXT 1048576 MINEXTENTS 1 MAXEXTENTS 2147483645
  PCTINCREASE 0 FREELISTS 1 FREELIST GROUPS 1 BUFFER_POOL DEFAULT FLASH_CACHE DEFAULT CELL_FLASH_CACHE DEFAULT)
  TABLESPACE "SYSTEM"  ENABLE;
  ALTER TABLE "OOTD"."MEMBER" ADD UNIQUE ("MEMBER_ID")
  USING INDEX PCTFREE 10 INITRANS 2 MAXTRANS 255 COMPUTE STATISTICS 
  STORAGE(INITIAL 65536 NEXT 1048576 MINEXTENTS 1 MAXEXTENTS 2147483645
  PCTINCREASE 0 FREELISTS 1 FREELIST GROUPS 1 BUFFER_POOL DEFAULT FLASH_CACHE DEFAULT CELL_FLASH_CACHE DEFAULT)
  TABLESPACE "SYSTEM"  ENABLE;
  ALTER TABLE "OOTD"."MEMBER" ADD CONSTRAINT "PK_MEMBER" PRIMARY KEY ("MEMBER_NO")
  USING INDEX PCTFREE 10 INITRANS 2 MAXTRANS 255 COMPUTE STATISTICS 
  STORAGE(INITIAL 65536 NEXT 1048576 MINEXTENTS 1 MAXEXTENTS 2147483645
  PCTINCREASE 0 FREELISTS 1 FREELIST GROUPS 1 BUFFER_POOL DEFAULT FLASH_CACHE DEFAULT CELL_FLASH_CACHE DEFAULT)
  TABLESPACE "SYSTEM"  ENABLE;
  ALTER TABLE "OOTD"."MEMBER" ADD CHECK (LOGIN_TYPE IN ('1','2')) ENABLE;
  ALTER TABLE "OOTD"."MEMBER" MODIFY ("LOGIN_TYPE" NOT NULL ENABLE);
  ALTER TABLE "OOTD"."MEMBER" MODIFY ("BRAND_NAME" NOT NULL ENABLE);
  ALTER TABLE "OOTD"."MEMBER" MODIFY ("ENROLL_DATE" NOT NULL ENABLE);
  ALTER TABLE "OOTD"."MEMBER" MODIFY ("ADDRESS" NOT NULL ENABLE);
  ALTER TABLE "OOTD"."MEMBER" MODIFY ("PHONE" NOT NULL ENABLE);
  ALTER TABLE "OOTD"."MEMBER" MODIFY ("EMAIL" NOT NULL ENABLE);
  ALTER TABLE "OOTD"."MEMBER" MODIFY ("MEMBER_PW" NOT NULL ENABLE);
  ALTER TABLE "OOTD"."MEMBER" MODIFY ("MEMBER_ID" NOT NULL ENABLE);
--------------------------------------------------------
--  Constraints for Table O_ORDER
--------------------------------------------------------

  ALTER TABLE "OOTD"."O_ORDER" ADD CONSTRAINT "PK_ORDER" PRIMARY KEY ("ORDER_NO")
  USING INDEX PCTFREE 10 INITRANS 2 MAXTRANS 255 COMPUTE STATISTICS 
  STORAGE(INITIAL 65536 NEXT 1048576 MINEXTENTS 1 MAXEXTENTS 2147483645
  PCTINCREASE 0 FREELISTS 1 FREELIST GROUPS 1 BUFFER_POOL DEFAULT FLASH_CACHE DEFAULT CELL_FLASH_CACHE DEFAULT)
  TABLESPACE "SYSTEM"  ENABLE;
  ALTER TABLE "OOTD"."O_ORDER" MODIFY ("MEMBER_NO" NOT NULL ENABLE);
  ALTER TABLE "OOTD"."O_ORDER" MODIFY ("TOTAL_PRICE" NOT NULL ENABLE);
  ALTER TABLE "OOTD"."O_ORDER" MODIFY ("ORDER_DATE" NOT NULL ENABLE);
  ALTER TABLE "OOTD"."O_ORDER" MODIFY ("ORDER_ADDRESS" NOT NULL ENABLE);
  ALTER TABLE "OOTD"."O_ORDER" MODIFY ("RECEIVER_NAME" NOT NULL ENABLE);
--------------------------------------------------------
--  Constraints for Table O_ORDER_LIST
--------------------------------------------------------

  ALTER TABLE "OOTD"."O_ORDER_LIST" MODIFY ("ORDER_STATUS" NOT NULL ENABLE);
  ALTER TABLE "OOTD"."O_ORDER_LIST" ADD CHECK (ORDER_SIZE IN('S','M','L')) ENABLE;
  ALTER TABLE "OOTD"."O_ORDER_LIST" MODIFY ("PRODUCT_NO" NOT NULL ENABLE);
  ALTER TABLE "OOTD"."O_ORDER_LIST" MODIFY ("ORDER_NO" NOT NULL ENABLE);
  ALTER TABLE "OOTD"."O_ORDER_LIST" MODIFY ("ORDER_QUANTITY" NOT NULL ENABLE);
  ALTER TABLE "OOTD"."O_ORDER_LIST" MODIFY ("ORDER_SIZE" NOT NULL ENABLE);
--------------------------------------------------------
--  Constraints for Table PRODUCT
--------------------------------------------------------

  ALTER TABLE "OOTD"."PRODUCT" ADD UNIQUE ("PRODUCT_NAME")
  USING INDEX PCTFREE 10 INITRANS 2 MAXTRANS 255 COMPUTE STATISTICS 
  STORAGE(INITIAL 65536 NEXT 1048576 MINEXTENTS 1 MAXEXTENTS 2147483645
  PCTINCREASE 0 FREELISTS 1 FREELIST GROUPS 1 BUFFER_POOL DEFAULT FLASH_CACHE DEFAULT CELL_FLASH_CACHE DEFAULT)
  TABLESPACE "SYSTEM"  ENABLE;
  ALTER TABLE "OOTD"."PRODUCT" ADD CONSTRAINT "PK_PRODUCT" PRIMARY KEY ("PRODUCT_NO")
  USING INDEX PCTFREE 10 INITRANS 2 MAXTRANS 255 COMPUTE STATISTICS 
  STORAGE(INITIAL 65536 NEXT 1048576 MINEXTENTS 1 MAXEXTENTS 2147483645
  PCTINCREASE 0 FREELISTS 1 FREELIST GROUPS 1 BUFFER_POOL DEFAULT FLASH_CACHE DEFAULT CELL_FLASH_CACHE DEFAULT)
  TABLESPACE "SYSTEM"  ENABLE;
  ALTER TABLE "OOTD"."PRODUCT" ADD CONSTRAINT "PRODUCT_CAETGORY" CHECK (PRODUCT_CATEGORY IN('1', '2', '3', '4', '5')) ENABLE;
  ALTER TABLE "OOTD"."PRODUCT" ADD CHECK (PRODUCT_STATUS IN('Y', 'N')) ENABLE;
  ALTER TABLE "OOTD"."PRODUCT" ADD CHECK (PRODUCT_TYPE IN('1', '2')) ENABLE;
  ALTER TABLE "OOTD"."PRODUCT" MODIFY ("PRODUCT_CATEGORY" NOT NULL ENABLE);
  ALTER TABLE "OOTD"."PRODUCT" MODIFY ("PRODUCT_STATUS" NOT NULL ENABLE);
  ALTER TABLE "OOTD"."PRODUCT" MODIFY ("MEMBER_NO" NOT NULL ENABLE);
  ALTER TABLE "OOTD"."PRODUCT" MODIFY ("PRODUCT_TYPE" NOT NULL ENABLE);
  ALTER TABLE "OOTD"."PRODUCT" MODIFY ("PRODUCT_PRICE" NOT NULL ENABLE);
  ALTER TABLE "OOTD"."PRODUCT" MODIFY ("PRODUCT_NAME" NOT NULL ENABLE);
--------------------------------------------------------
--  Constraints for Table PURCHASE
--------------------------------------------------------

  ALTER TABLE "OOTD"."PURCHASE" MODIFY ("PURCHASE_STATUS" NOT NULL ENABLE);
  ALTER TABLE "OOTD"."PURCHASE" MODIFY ("MEMBER_NO" NOT NULL ENABLE);
  ALTER TABLE "OOTD"."PURCHASE" ADD CHECK (PURCHASE_STATUS IN('1', '2', '3')) ENABLE;
  ALTER TABLE "OOTD"."PURCHASE" ADD CONSTRAINT "PK_PURCHASE" PRIMARY KEY ("ORDER_NO")
  USING INDEX PCTFREE 10 INITRANS 2 MAXTRANS 255 COMPUTE STATISTICS 
  STORAGE(INITIAL 65536 NEXT 1048576 MINEXTENTS 1 MAXEXTENTS 2147483645
  PCTINCREASE 0 FREELISTS 1 FREELIST GROUPS 1 BUFFER_POOL DEFAULT FLASH_CACHE DEFAULT CELL_FLASH_CACHE DEFAULT)
  TABLESPACE "SYSTEM"  ENABLE;
--------------------------------------------------------
--  Constraints for Table REVIEW
--------------------------------------------------------

  ALTER TABLE "OOTD"."REVIEW" MODIFY ("REVIEW_NO" NOT NULL ENABLE);
  ALTER TABLE "OOTD"."REVIEW" MODIFY ("REVIEW_CONTENTS" NOT NULL ENABLE);
  ALTER TABLE "OOTD"."REVIEW" MODIFY ("REVIEW_TITLE" NOT NULL ENABLE);
  ALTER TABLE "OOTD"."REVIEW" MODIFY ("MEMBER_NO" NOT NULL ENABLE);
  ALTER TABLE "OOTD"."REVIEW" MODIFY ("PRODUCT_NO" NOT NULL ENABLE);
  ALTER TABLE "OOTD"."REVIEW" MODIFY ("ORDER_NO" NOT NULL ENABLE);
  ALTER TABLE "OOTD"."REVIEW" ADD CONSTRAINT "PK_REVIEW" PRIMARY KEY ("REVIEW_NO")
  USING INDEX PCTFREE 10 INITRANS 2 MAXTRANS 255 COMPUTE STATISTICS 
  STORAGE(INITIAL 65536 NEXT 1048576 MINEXTENTS 1 MAXEXTENTS 2147483645
  PCTINCREASE 0 FREELISTS 1 FREELIST GROUPS 1 BUFFER_POOL DEFAULT FLASH_CACHE DEFAULT CELL_FLASH_CACHE DEFAULT)
  TABLESPACE "SYSTEM"  ENABLE;
--------------------------------------------------------
--  Constraints for Table SALE_LIST
--------------------------------------------------------

  ALTER TABLE "OOTD"."SALE_LIST" MODIFY ("SALE_STATUS" NOT NULL ENABLE);
  ALTER TABLE "OOTD"."SALE_LIST" MODIFY ("MEMBER_NO" NOT NULL ENABLE);
  ALTER TABLE "OOTD"."SALE_LIST" ADD CHECK (SALE_STATUS IN ('1', '2', '3')) ENABLE;
  ALTER TABLE "OOTD"."SALE_LIST" ADD CONSTRAINT "PK_SALE_LIST" PRIMARY KEY ("ORDER_NO")
  USING INDEX PCTFREE 10 INITRANS 2 MAXTRANS 255 COMPUTE STATISTICS 
  STORAGE(INITIAL 65536 NEXT 1048576 MINEXTENTS 1 MAXEXTENTS 2147483645
  PCTINCREASE 0 FREELISTS 1 FREELIST GROUPS 1 BUFFER_POOL DEFAULT FLASH_CACHE DEFAULT CELL_FLASH_CACHE DEFAULT)
  TABLESPACE "SYSTEM"  ENABLE;
--------------------------------------------------------
--  Ref Constraints for Table ATTACHMENT
--------------------------------------------------------

  ALTER TABLE "OOTD"."ATTACHMENT" ADD CONSTRAINT "FK_ATTACHMENT_PRODUCT_NO" FOREIGN KEY ("PRODUCT_NO")
	  REFERENCES "OOTD"."PRODUCT" ("PRODUCT_NO") ON DELETE CASCADE ENABLE;
--------------------------------------------------------
--  Ref Constraints for Table CART
--------------------------------------------------------

  ALTER TABLE "OOTD"."CART" ADD CONSTRAINT "FK_CART_MEMBER_NO" FOREIGN KEY ("MEMBER_NO")
	  REFERENCES "OOTD"."MEMBER" ("MEMBER_NO") ON DELETE CASCADE ENABLE;
  ALTER TABLE "OOTD"."CART" ADD CONSTRAINT "FK_CART_PRODUCT_NO" FOREIGN KEY ("PRODUCT_NO")
	  REFERENCES "OOTD"."PRODUCT" ("PRODUCT_NO") ON DELETE CASCADE ENABLE;
--------------------------------------------------------
--  Ref Constraints for Table MEMBER
--------------------------------------------------------

  ALTER TABLE "OOTD"."MEMBER" ADD CONSTRAINT "FK_MEMBER_BANK_CODE" FOREIGN KEY ("BANK_CODE")
	  REFERENCES "OOTD"."BANK" ("BANK_CODE") ENABLE;
--------------------------------------------------------
--  Ref Constraints for Table O_ORDER
--------------------------------------------------------

  ALTER TABLE "OOTD"."O_ORDER" ADD CONSTRAINT "FK_ORDER_MEMBER_NO" FOREIGN KEY ("MEMBER_NO")
	  REFERENCES "OOTD"."MEMBER" ("MEMBER_NO") ON DELETE CASCADE ENABLE;
--------------------------------------------------------
--  Ref Constraints for Table O_ORDER_LIST
--------------------------------------------------------

  ALTER TABLE "OOTD"."O_ORDER_LIST" ADD CONSTRAINT "FK_ORDER_LIST_ORDER_NO" FOREIGN KEY ("ORDER_NO")
	  REFERENCES "OOTD"."O_ORDER" ("ORDER_NO") ON DELETE CASCADE ENABLE;
  ALTER TABLE "OOTD"."O_ORDER_LIST" ADD CONSTRAINT "FK_ORDER_LIST_PRODUCT_NO" FOREIGN KEY ("PRODUCT_NO")
	  REFERENCES "OOTD"."PRODUCT" ("PRODUCT_NO") ON DELETE CASCADE ENABLE;
--------------------------------------------------------
--  Ref Constraints for Table PRODUCT
--------------------------------------------------------

  ALTER TABLE "OOTD"."PRODUCT" ADD CONSTRAINT "FK_PRODUCT_MEMBER_NO" FOREIGN KEY ("MEMBER_NO")
	  REFERENCES "OOTD"."MEMBER" ("MEMBER_NO") ON DELETE CASCADE ENABLE;
--------------------------------------------------------
--  Ref Constraints for Table PURCHASE
--------------------------------------------------------

  ALTER TABLE "OOTD"."PURCHASE" ADD CONSTRAINT "FK_PURCHASE_MEMBER_NO" FOREIGN KEY ("MEMBER_NO")
	  REFERENCES "OOTD"."MEMBER" ("MEMBER_NO") ON DELETE CASCADE ENABLE;
  ALTER TABLE "OOTD"."PURCHASE" ADD CONSTRAINT "FK_PURCHASE_ORDER_NO" FOREIGN KEY ("ORDER_NO")
	  REFERENCES "OOTD"."O_ORDER" ("ORDER_NO") ON DELETE CASCADE ENABLE;
--------------------------------------------------------
--  Ref Constraints for Table REVIEW
--------------------------------------------------------

  ALTER TABLE "OOTD"."REVIEW" ADD CONSTRAINT "FK_REVIEW_MEMBER_NO" FOREIGN KEY ("MEMBER_NO")
	  REFERENCES "OOTD"."MEMBER" ("MEMBER_NO") ON DELETE CASCADE ENABLE;
  ALTER TABLE "OOTD"."REVIEW" ADD CONSTRAINT "FK_REVIEW_ORDER_NO" FOREIGN KEY ("ORDER_NO")
	  REFERENCES "OOTD"."O_ORDER" ("ORDER_NO") ON DELETE CASCADE ENABLE;
  ALTER TABLE "OOTD"."REVIEW" ADD CONSTRAINT "FK_REVIEW_PRODUCT_NO" FOREIGN KEY ("PRODUCT_NO")
	  REFERENCES "OOTD"."PRODUCT" ("PRODUCT_NO") ON DELETE CASCADE ENABLE;
--------------------------------------------------------
--  Ref Constraints for Table SALE_LIST
--------------------------------------------------------

  ALTER TABLE "OOTD"."SALE_LIST" ADD CONSTRAINT "FK_SALE_LIST_MEMBER_NO" FOREIGN KEY ("MEMBER_NO")
	  REFERENCES "OOTD"."MEMBER" ("MEMBER_NO") ON DELETE CASCADE ENABLE;
  ALTER TABLE "OOTD"."SALE_LIST" ADD CONSTRAINT "FK_SALE_LIST_ORDER_NO" FOREIGN KEY ("ORDER_NO")
	  REFERENCES "OOTD"."O_ORDER" ("ORDER_NO") ON DELETE CASCADE ENABLE;
